"","CHANGE","BASIN","COUNTY","FORE_CFS","FORE_ACFT","TYPE","AFTER_CFS","AFTER_ACFT","DATE_FILED","DATE_APPROVED_REJECTED","APPROVED_REJECTED","STATUS","USES","FORE_USES"
"1","a16924","WEBER RIVER","MORGAN",0,50,"Underground",0,50,19920711,20060113,"A","A","D","I"
"2","a17412","WEBER RIVER","SUMMIT",0,672.26,"Return",0,438.86,19930415,20030131,"A","A","M","I"
"3","a17503","WEBER RIVER","SUMMIT",0.047,5,"Abandonded Well",0.47,5,19930715,20060322,"A","A","D","I"
"4","a17858","WEBER RIVER","MORGAN",0,0.25,"Surface",0,0.25,19940510,19991007,"A","P","D","S"
"5","a18286","WEBER RIVER","MORGAN",0,196.8,"Surface",0,67.15,19940815,20050107,"A","A","D","I"
"6","a18667","WEBER RIVER","SUMMIT",0,0.9,"Underground",0,0.9,19950215,19990416,"A","P","D","I"
"7","a18746","WEBER RIVER","WEBER",0,2,"Underground",0,2,19950302,20030611,"A","P","D","I"
"8","a18757","WEBER RIVER","SUMMIT",0,1.8,"Spring",0,1.8,19950306,20130307,"A","P","D","I"
"9","a19171","WEBER RIVER","WEBER",0,4.1,"Underground",0,4.1,19950808,20180319,"A","A","D","I"
"10","a19172","WEBER RIVER","WEBER",0,4.35,"Underground",0,0.75,19950811,20100203,"A","A","D","I"
"11","a20113","WEBER RIVER","SUMMIT",0,2.1,"Underground",0,2.1,19960611,20060602,"A","P","DO","I"
"12","a20439","WEBER RIVER","SUMMIT",0,25,"Underground",0,25,19961008,20010323,"A","A","M","I"
"13","a22055","WEBER RIVER","WEBER",6.445,1578,"Underground",6.445,1578,19980325,20110822,"A","A","M","I"
"14","a22197","WEBER RIVER","SUMMIT",0,2.73,"Underground",0,2.462,19980507,19991210,"A","A","D","S"
"15","a22458","WEBER RIVER","SUMMIT",0,0.4,"Underground",0,0.25,19980813,19990318,"A","P","D","I"
"16","a22544","WEBER RIVER","MORGAN",0,2.5,"Underground",0,2.5,19980910,19990318,"A","P","D","I"
"17","a22692","WEBER RIVER","SUMMIT",0,0.9,"Underground",0,0.9,19981112,19990506,"A","A","D","I"
"18","a22701","WEBER RIVER","MORGAN",0,60,"Underground",0,60,19981110,19990208,"A","A","D","I"
"19","a22877","WEBER RIVER","SUMMIT",0,0.9,"Underground",0,0.9,19990119,19990402,"A","P","D","I"
"20","a23062","WEBER RIVER","SUMMIT",0,0.9,"Underground",0,0.9,19990309,19990428,"A","P","D","I"
"21","a23076","WEBER RIVER","SUMMIT",0,1.01,"Surface",0,1.01,19990315,19990514,"A","P","D","S"
"22","a23079","WEBER RIVER","SUMMIT",0,15,"Underground",0,15,19990316,19990914,"A","P","M","I"
"23","a23080","WEBER RIVER","SUMMIT",0,1,"Underground",0,1,19990315,19990402,"A","P","D","I"
"24","a23229","WEBER RIVER","SUMMIT",0,3,"Underground",0,3,19990419,20000127,"A","A","M","I"
"25","a23492","WEBER RIVER","SUMMIT",0,1.61,"Underground",0,1.61,19990702,20010829,"A","P","DO","I"
"26","a23537","WEBER RIVER","SUMMIT",0,1.125,"Underground",0,1.125,19990719,19990825,"A","P","D","I"
"27","a23658","WEBER RIVER","SUMMIT",0,1.125,"Underground",0,1.125,19990914,19991029,"A","P","D","I"
"28","a23661","WEBER RIVER","SUMMIT",0,0.9,"Underground",0,0.9,19990830,19990908,"A","P","D","I"
"29","a23699","WEBER RIVER","MORGAN",0,1,"Underground",0,1,19990910,19991203,"A","P","D","I"
"30","a23722","WEBER RIVER","SUMMIT",0,0.3,"Underground",0,0.3,19990920,20020524,"A","P","D","I"
"31","a23816","WEBER RIVER","SUMMIT",0,0.926,"Underground",0,0.926,20000321,20000414,"A","P","D","I"
"32","a23902","WEBER RIVER","SUMMIT",0,0.9,"Underground",0,0.9,19991110,19991230,"A","P","D","I"
"33","a23904","WEBER RIVER","SUMMIT",0,0.9,"Underground",0,0.9,19991109,19991223,"A","P","D","I"
"34","a23947","WEBER RIVER","SUMMIT",0,3.4,"Surface",0,3.4,19991123,20001124,"A","P","DO","I"
"35","a23951","WEBER RIVER","SUMMIT",0,1,"Underground",0,1,19991123,19991230,"A","P","D","I"
"36","a23989","WEBER RIVER","MORGAN",0,1,"Underground",0,1,19991119,20000211,"A","P","D","I"
"37","a24163","WEBER RIVER","MORGAN",0,1,"Underground",0,1,20000208,20000303,"A","P","D","I"
"38","a24341a","WEBER RIVER","SUMMIT",1.489,355.1,"Surface",1.489,355.1,20000407,20001229,"A","A","M","IS"
"39","a24457","WEBER RIVER","SUMMIT",0,1.66,"Underground",0,1.66,20000505,20000908,"A","P","D","I"
"40","a24458","WEBER RIVER","SUMMIT",0,1.66,"Underground",0,1.66,20000505,20000908,"A","P","D","I"
"41","a24459","WEBER RIVER","SUMMIT",0,1.66,"Underground",0,1.66,20000505,20000908,"A","P","D","I"
"42","a24514","WEBER RIVER","SUMMIT",0,0.9,"Underground",0,0.9,20000519,20091216,"A","A","D","I"
"43","a24608","WEBER RIVER","SUMMIT",0,1.95,"Underground",0,1.56,20000607,20001012,"A","P","D","I"
"44","a24613","WEBER RIVER","SUMMIT",0,0.81,"Underground",0,0.81,20000609,20000915,"A","P","D","I"
"45","a24745","WEBER RIVER","SUMMIT",0,0.9,"Underground",0,0.9,20010118,20010330,"A","P","D","I"
"46","a24746","WEBER RIVER","SUMMIT",0,0.9,"Underground",0,0.9,20000817,20000817,"A","P","D","I"
"47","a24749","WEBER RIVER","SUMMIT",0,1,"Underground",0,1,20000719,20000911,"A","P","D","S"
"48","a24770","WEBER RIVER","SUMMIT",0,0.9,"Underground",0,0.9,20000815,20010831,"A","P","D","I"
"49","a24835","WEBER RIVER","SUMMIT",0,1.2,"Underground",0,1.2,20000817,20010413,"A","P","DO","I"
"50","a24877","WEBER RIVER","SUMMIT",0,1,"Underground",0,1,20000829,20000901,"A","P","D","I"
"51","a24925","WEBER RIVER","SUMMIT",0,0.6,"Underground",0,0.6,20000912,20010209,"A","P","D","I"
"52","a24929","WEBER RIVER","SUMMIT",0,0.9,"Underground",0,0.9,20000914,20000914,"A","P","D","I"
"53","a24987","WEBER RIVER","MORGAN",0,1.042,"Surface",0,0.67,20001005,20010720,"A","P","D","I"
"54","a25048","WEBER RIVER","SUMMIT",0,0.9,"Underground",0,0.9,20001030,20001208,"A","P","D","I"
"55","a25279","WEBER RIVER","SUMMIT",0,2.6,"Abandonded Well",0,2.1,20010215,20010829,"A","P","D","I"
"56","a25754","WEBER RIVER","SUMMIT",0,0.9,"Underground",0,0.9,20010629,20010829,"A","P","D","I"
"57","a25853","WEBER RIVER","SUMMIT",0,1.2,"Underground",0,1.2,20010806,20011017,"A","P","D","I"
"58","a25997","WEBER RIVER","SUMMIT",0,0.9,"Underground",0,0.9,20011012,20020405,"A","P","D","I"
"59","a26010","WEBER RIVER","SUMMIT",0,0.9,"Underground",0,0.45,20010928,20011228,"A","P","D","I"
"60","a26063","WEBER RIVER","SUMMIT",0,0.9,"Underground",0,0.9,20011023,20011221,"A","P","D","I"
"61","a26254","WEBER RIVER","SUMMIT",0.004,1,"Surface",0.004,1,20020111,20020301,"A","A","D","I"
"62","a26255","WEBER RIVER","SUMMIT",0.004,1,"Surface",0.004,1,20020111,20020301,"A","A","D","I"
"63","a26256","WEBER RIVER","SUMMIT",0.004,1,"Surface",0.004,1,20020111,20020301,"A","A","D","I"
"64","a26270","WEBER RIVER","MORGAN",0,0.45,"Underground",0,0.45,20020122,20020305,"A","P","D","I"
"65","a26336","WEBER RIVER","SUMMIT",0,0.9,"Underground",0,0.9,20020212,20020315,"A","P","D","I"
"66","a26425","WEBER RIVER","SUMMIT",0,0.9,"Underground",0,0.9,20020415,20020503,"A","P","D","I"
"67","a26530","WEBER RIVER","SUMMIT",0,0.9,"Underground",0,0.9,20020410,20020614,"A","P","D","I"
"68","a26660","WEBER RIVER","SUMMIT",0,1,"Underground",0,1,20020520,20021023,"A","P","D","I"
"69","a26661","WEBER RIVER","SUMMIT",0,1,"Underground",0,1,20020520,20021023,"A","P","D","I"
"70","a26732","WEBER RIVER","SUMMIT",0,1,"Underground",0,1,20020603,20040929,"A","P","D","I"
"71","a26757","WEBER RIVER","SUMMIT",0,0.85,"Underground",0,0.85,20020614,20030205,"A","A","D","I"
"72","a26817","WEBER RIVER","SUMMIT",0,0.9,"Underground",0,0.9,20020627,20021030,"A","P","D","I"
"73","a26946","WEBER RIVER","SUMMIT",0,1,"Underground",0,1,20020809,20020830,"A","P","D","I"
"74","a26980","WEBER RIVER","SUMMIT",0,0.9,"Underground",0,0.9,20020820,20030307,"A","P","D","I"
"75","a27053","WEBER RIVER","SUMMIT",0,0.9,"Underground",0,0.9,20030519,20040428,"A","P","D","I"
"76","a27108","WEBER RIVER","MORGAN",0,1.95,"Underground",0,0.25,20020926,20030205,"A","P","D","S"
"77","a27186","WEBER RIVER","SUMMIT",0,0.9,"Underground",0,0.9,20021118,20030205,"A","P","D","I"
"78","a27228","WEBER RIVER","SUMMIT",0,0.9,"Underground",0,0.9,20021112,20030108,"A","P","D","I"
"79","a27234","WEBER RIVER","SUMMIT",0,0.9,"Underground",0,0.9,20021112,20030117,"A","P","D","I"
"80","a27265","WEBER RIVER","SUMMIT",0,1,"Underground",0,1,20021120,20040929,"A","P","D","I"
"81","a27319","WEBER RIVER","WEBER",0,0.45,"Surface",0,0.45,20030203,20030903,"A","P","D","I"
"82","a27543","WEBER RIVER","SUMMIT",0,0.6,"Underground",0,0.6,20030221,20030718,"A","P","D","I"
"83","a27673","WEBER RIVER","MORGAN",0,0.45,"Underground",0,0.45,20030327,20030423,"A","P","D","I"
"84","a27712","WEBER RIVER","MORGAN",0,1,"Underground",0,1,20030403,20030618,"A","P","D","IO"
"85","a27911","WEBER RIVER","SUMMIT",0,0.9,"Underground",0,0.9,20030521,20030813,"A","A","D","I"
"86","a27912","WEBER RIVER","SUMMIT",0,1.125,"Underground",0,1.125,20030521,20030813,"A","A","D","I"
"87","a27914","WEBER RIVER","SUMMIT",0,1,"Underground",0,1,20030521,20031001,"A","P","D","I"
"88","a27917","WEBER RIVER","MORGAN",0,1,"Underground",0,1,20030522,20030813,"A","P","D","I"
"89","a27960","WEBER RIVER","SUMMIT",0,0.9,"Underground",0,0.9,20030610,20060329,"A","P","D","I"
"90","a27965","WEBER RIVER","SUMMIT",0,0.9,"Underground",0,0.9,20030612,20040428,"A","P","D","I"
"91","a27968","WEBER RIVER","SUMMIT",0,0.9,"Underground",0,0.9,20030613,20041006,"A","P","D","I"
"92","a28012","WEBER RIVER","SUMMIT",0,1,"Underground",0,1,20030627,20040730,"A","P","D","I"
"93","a28164","WEBER RIVER","MORGAN",0,1,"Underground",0,1,20030808,20090420,"A","P","D","I"
"94","a28185","WEBER RIVER","SUMMIT",0,0.9,"Underground",0,0.9,20030815,20040728,"A","P","D","I"
"95","a28552","WEBER RIVER","SUMMIT",0,0.9,"Underground",0,0.9,20031230,20040416,"A","P","D","I"
"96","a28566","WEBER RIVER","SUMMIT",0,1,"Surface",0,1,20040106,20040416,"A","P","D","I"
"97","a28570","WEBER RIVER","SUMMIT",0,5,"Underground",0,5,20040108,20050427,"A","A","M","I"
"98","a28628","WEBER RIVER","SUMMIT",0,1.6,"Underground",0,1.6,20040204,20040827,"A","P","D","I"
"99","a28669","WEBER RIVER","SUMMIT",0,0.9,"Underground",0,0.9,20040223,20040818,"A","P","D","I"
"100","a28755","WEBER RIVER","MORGAN",0,0.45,"Underground",0,0.45,20040318,20040813,"A","P","D","I"
"101","a28959","WEBER RIVER","SUMMIT",0,3,"Spring",0,3,20040430,20050112,"A","P","D","I"
"102","a29019","WEBER RIVER","SUMMIT",0,0.9,"Underground",0,0.9,20040517,20040611,"A","P","D","I"
"103","a29106","WEBER RIVER","SUMMIT",0,0.9,"Underground",0,0.9,20040616,20040915,"A","P","D","I"
"104","a29343","WEBER RIVER","SUMMIT",0,1,"Underground",0,1,20040827,20041210,"A","P","D","I"
"105","a29385","WEBER RIVER","SUMMIT",0,0.9,"Underground",0,0.9,20040914,20050302,"A","P","D","I"
"106","a29898","WEBER RIVER","MORGAN",0,1,"Underground",0,1,20050228,20050427,"A","P","D","I"
"107","a29961","WEBER RIVER","MORGAN",0,44.73,"Underground",0,44.73,20050315,20061130,"A","A","D","I"
"108","a30028","WEBER RIVER","SUMMIT",0,0.9,"Underground",0,0.9,20050404,20050520,"A","P","D","I"
"109","a30030","WEBER RIVER","MORGAN",0,0.45,"Underground",0,0.45,20050404,20050520,"A","P","D","I"
"110","a30075","WEBER RIVER","SUMMIT",0,159.028,"Underground",0,159.028,20050413,20051116,"A","A","D","IS"
"111","a30078","WEBER RIVER","SUMMIT",0,0.9,"Underground",0,0.9,20050414,20050603,"A","P","D","I"
"112","a30210","WEBER RIVER","SUMMIT",0,0.9,"Underground",0,0.9,20050511,20051021,"A","A","D","I"
"113","a30211","WEBER RIVER","SUMMIT",0,0.9,"Underground",0,0.9,20050511,20051021,"A","A","D","I"
"114","a30212","WEBER RIVER","SUMMIT",0,0.9,"Underground",0,0.9,20050511,20051021,"A","A","D","I"
"115","a30213","WEBER RIVER","SUMMIT",0,0.9,"Underground",0,0.9,20050511,20051021,"A","A","D","I"
"116","a30214","WEBER RIVER","SUMMIT",0,0.9,"Underground",0,0.9,20050511,20051021,"A","A","D","I"
"117","a30215","WEBER RIVER","SUMMIT",0,0.9,"Underground",0,0.9,20050511,20051021,"A","A","D","I"
"118","a30216","WEBER RIVER","SUMMIT",0,0.9,"Underground",0,0.9,20050511,20051021,"A","A","D","I"
"119","a30217","WEBER RIVER","SUMMIT",0,0.9,"Underground",0,0.9,20050511,20051021,"A","A","D","I"
"120","a30218","WEBER RIVER","SUMMIT",0,0.9,"Underground",0,0.9,20050511,20051021,"A","A","D","I"
"121","a30313","WEBER RIVER","SUMMIT",0,0.9,"Underground",0,0.9,20050606,20100414,"A","A","D","I"
"122","a30341","WEBER RIVER","SUMMIT",0,2.8,"Underground",0,2.8,20050613,20060310,"A","A","D","I"
"123","a30491","WEBER RIVER","MORGAN",0,36,"Underground",0,36,20050804,20071221,"A","A","D","IS"
"124","a30615","WEBER RIVER","SUMMIT",0,1,"Underground",0,1,20050907,20060329,"A","P","D","I"
"125","a30662","WEBER RIVER","SUMMIT",0,0.9,"Underground",0,0.9,20050919,20051026,"A","P","D","I"
"126","a30708","WEBER RIVER","MORGAN",0,0.45,"Underground",0,0.45,20051004,20051213,"A","P","D","I"
"127","a30732","WEBER RIVER","WEBER",0,1.77,"Underground",0,1.45,20051018,20060201,"A","A","D","I"
"128","a30749","WEBER RIVER","SUMMIT",0,5.4,"Underground",0,5.4,20051021,20060124,"A","A","D","I"
"129","a31325","WEBER RIVER","SUMMIT",0,0.9,"Underground",0,0.9,20060417,20060428,"A","P","D","I"
"130","a31380","WEBER RIVER","SUMMIT",0,4,"Underground",0,4,20060428,20061106,"A","A","M","I"
"131","a31597","WEBER RIVER","SUMMIT",0,0.9,"Underground",0,0.9,20060614,20060817,"A","P","D","I"
"132","a31614","WEBER RIVER","SUMMIT",0,0.9,"Underground",0,0.9,20060619,20060721,"A","P","D","I"
"133","a31833","WEBER RIVER","WEBER",0,1.7,"Underground",0,1.7,20060815,20061102,"A","P","D","IS"
"134","a31839","WEBER RIVER","SUMMIT",0,0.9,"Underground",0,0.9,20060815,20061018,"A","P","D","I"
"135","a32533","WEBER RIVER","SUMMIT",0,0.9,"Underground",0,0.9,20070226,20070409,"A","P","D","I"
"136","a32558","WEBER RIVER","SUMMIT",0,0.9,"Underground",0,0.9,20070302,20070411,"A","P","D","I"
"137","a32844a","WEBER RIVER","DAVIS",2.5,588,"Underground",2.5,588,20070420,20080103,"A","A","M","IS"
"138","a32893","WEBER RIVER","SUMMIT",0,0.9,"Underground",0,0.9,20070424,20070517,"A","P","D","I"
"139","a32924","WEBER RIVER","SUMMIT",0,0.9,"Underground",0,0.9,20070503,20070522,"A","P","D","I"
"140","a32965","WEBER RIVER","SUMMIT",0,1.7,"Underground",0,1.133,20070514,20080122,"A","A","D","I"
"141","a33210","WEBER RIVER","SUMMIT",0,0.9,"Underground",0,0.9,20070717,20071210,"A","A","D","I"
"142","a33219","WEBER RIVER","SUMMIT",0,0.9,"Underground",0,0.9,20070719,20080319,"A","P","D","I"
"143","a33244","WEBER RIVER","SUMMIT",0,0.9,"Underground",0,0.9,20070727,20071004,"A","P","D","I"
"144","a33265","WEBER RIVER","SUMMIT",0,0.9,"Underground",0,0.9,20070731,20070913,"A","P","D","I"
"145","a33301","WEBER RIVER","SUMMIT",0,0.9,"Underground",0,0.9,20070806,20071009,"A","P","D","I"
"146","a33739","WEBER RIVER","SUMMIT",0,0.9,"Underground",0,0.9,20071116,20080317,"A","P","D","I"
"147","a33788","WEBER RIVER","SUMMIT",0,0.9,"Underground",0,0.9,20071127,20080408,"A","P","D","I"
"148","a34126","WEBER RIVER","SUMMIT",0,1.125,"Underground",0,1.125,20080311,20090331,"A","A","D","I"
"149","a34183","WEBER RIVER","SUMMIT",0,77.5,"Underground",0,77.5,20080325,20090120,"A","A","M","I"
"150","a34351","WEBER RIVER","SUMMIT",0,2,"Underground",0,2,20080502,20100201,"A","A","D","I"
"151","a34704","WEBER RIVER","SUMMIT",0,0.9,"Underground",0,0.9,20080806,20081106,"A","P","D","I"
"152","a34783","WEBER RIVER","SUMMIT",0,6,"Underground",0,5.788,20080828,20100510,"A","A","DO","I"
"153","a34844","WEBER RIVER","SUMMIT",0,15.6,"Underground",0,15.6,20080915,20090120,"A","A","M","I"
"154","a34905","WEBER RIVER","DAVIS",2.5,588,"Underground",0,588,20081007,20090303,"A","A","M","IS"
"155","a35034","WEBER RIVER","SUMMIT",0,4.994,"Underground",0,4.832,20081117,20100210,"A","P","DO","I"
"156","a35034a","WEBER RIVER","SUMMIT",0,4.516,"Underground",0,4.516,20081117,20100210,"A","A","DO","I"
"157","a35044","WEBER RIVER","SUMMIT",0,0.6,"Underground",0,0.6,20081119,20090106,"A","P","D","I"
"158","a35093","WEBER RIVER","SUMMIT",0,1.2,"Spring",0,1.2,20081203,20090622,"A","P","D","S"
"159","a35214","WEBER RIVER","SUMMIT",0,0.9,"Underground",0,0.9,20090128,20090618,"A","A","D","I"
"160","a35457","WEBER RIVER","SUMMIT",0,0.9,"Underground",0,0.9,20090414,20091020,"A","A","D","I"
"161","a35646","WEBER RIVER","SUMMIT",0,0.9,"Underground",0,0.9,20090609,20091020,"A","P","D","I"
"162","a35661","WEBER RIVER","MORGAN",0,1,"Underground",0,1,20090611,20091020,"A","A","D","I"
"163","a35663","WEBER RIVER","MORGAN",0,1,"Underground",0,1,20090611,20091020,"A","A","D","I"
"164","a35703","WEBER RIVER","MORGAN",0,3,"Underground",0,3,20090624,20091102,"A","P","D","I"
"165","a35799","WEBER RIVER","MORGAN",0,5,"Underground",0,3.15,20090806,20091102,"A","A","D","I"
"166","a36249","WEBER RIVER","SUMMIT",0,0.9,"Underground",0,0.9,20100218,20100805,"A","P","D","I"
"167","a36687","WEBER RIVER","SUMMIT",0,0.9,"Underground",0,0.9,20100713,20100920,"A","P","D","I"
"168","a36688","WEBER RIVER","SUMMIT",0,18,"Underground",0,18,20100713,20110421,"A","A","M","I"
"169","a36742","WEBER RIVER","WEBER",2,950,"Underground",2,950,20100809,20110419,"A","A","M","IO"
"170","a36865","WEBER RIVER","SUMMIT",0,1,"Underground",0,1,20100927,20110308,"A","A","D","I"
"171","a37262","WEBER RIVER","SUMMIT",0,48,"Underground",0,36,20110329,20110803,"A","A","D","I"
"172","a37431","WEBER RIVER","SUMMIT",0,0.9,"Underground",0,0.9,20110512,20110720,"A","P","D","I"
"173","a37469","WEBER RIVER","SUMMIT",0,0.9,"Underground",0,0.9,20110531,20110815,"A","P","D","I"
"174","a37544","WEBER RIVER","SUMMIT",0,0.9,"Underground",0,0.9,20110707,20111103,"A","P","D","I"
"175","a37582","WEBER RIVER","SUMMIT",2.28,1.5,"Underground",0,1.5,20110728,20110923,"A","A","D","I"
"176","a37700","WEBER RIVER","MORGAN",0,1,"Underground",0,1,20110920,20120201,"A","A","D","I"
"177","a37840","WEBER RIVER","MORGAN",0,1.35,"Underground",0,1.35,20111201,20120307,"A","A","D","I"
"178","a37937","WEBER RIVER","WEBER",0,1.6,"Spring",0,1.6,20120203,20120524,"A","A","D","I"
"179","a38074","WEBER RIVER","SUMMIT",0,0.9,"Underground",0,0.9,20120404,20120625,"A","A","D","I"
"180","a38110","WEBER RIVER","SUMMIT",0,1.13,"Underground",0,1.13,20120417,20120718,"A","P","D","I"
"181","a38382","WEBER RIVER","SUMMIT",0,2.7,"Underground",0,2.7,20120802,20121030,"A","P","D","I"
"182","a38421","WEBER RIVER","SUMMIT",0,0.9,"Underground",0,0.9,20120820,20121106,"A","P","D","I"
"183","a38426","WEBER RIVER","SUMMIT",0,0.9,"Underground",0,0.9,20120821,20121029,"A","P","D","I"
"184","a38430","WEBER RIVER","SUMMIT",0,0.9,"Underground",0,0.9,20120822,20121105,"A","P","D","I"
"185","a38431","WEBER RIVER","SUMMIT",0,0.9,"Underground",0,0.9,20120822,20121105,"A","A","D","I"
"186","a38436","WEBER RIVER","SUMMIT",0,0.9,"Underground",0,0.9,20120827,20121105,"A","A","D","I"
"187","a38475","WEBER RIVER","SUMMIT",0,0.9,"Underground",0,0.9,20120907,20121106,"A","P","D","I"
"188","a38519","WEBER RIVER","SUMMIT",0,0.3,"Underground",0,0.3,20121017,20130307,"A","A","D","I"
"189","a38609","WEBER RIVER","DAVIS",0,5,"Underground",0,5,20121204,20130307,"A","A","D","I"
"190","a38637","WEBER RIVER","SUMMIT",0,0.9,"Underground",0,0.9,20130104,20130312,"A","P","D","I"
"191","a38653","WEBER RIVER","SUMMIT",0,0.9,"Underground",0,0.9,20130116,20130312,"A","A","D","I"
"192","a38677","WEBER RIVER","SUMMIT",0,0.9,"Underground",0,0.9,20130124,20130416,"A","P","D","I"
"193","a38821","WEBER RIVER","SUMMIT",0,0.9,"Underground",0,0.9,20130318,20130509,"A","A","D","I"
"194","a38824","WEBER RIVER","SUMMIT",0,0.9,"Underground",0,0.9,20130320,20130530,"A","P","D","I"
"195","a39100","WEBER RIVER","SUMMIT",0,0.9,"Underground",0,0.9,20130614,20130823,"A","A","D","I"
"196","a39116","WEBER RIVER","SUMMIT",0,0.9,"Underground",0,0.9,20130625,20130829,"A","A","D","I"
"197","a39117","WEBER RIVER","SUMMIT",0,0.9,"Underground",0,0.9,20130625,20131008,"A","P","D","I"
"198","a39164","WEBER RIVER","SUMMIT",0,2.25,"Underground",0,2.25,20130709,20131024,"A","A","D","I"
"199","a39197","WEBER RIVER","SUMMIT",0,0.9,"Underground",0,0.9,20130722,20131021,"A","A","D","I"
"200","a39210","WEBER RIVER","SUMMIT",0,0.9,"Underground",0,0.9,20130725,20131021,"A","A","D","I"
"201","a39245","WEBER RIVER","SUMMIT",0,1.125,"Underground",0,1.125,20130813,20131024,"A","A","D","I"
"202","a39279","WEBER RIVER","SUMMIT",0,3,"Underground",0,3,20130828,20131210,"A","A","D","I"
"203","a39291","WEBER RIVER","SUMMIT",0,0.9,"Underground",0,0.9,20130905,20131210,"A","A","D","I"
"204","a39316","WEBER RIVER","SUMMIT",0,1,"Underground",0,1,20130916,20140123,"A","A","D","I"
"205","a39320","WEBER RIVER","SUMMIT",0,2.292,"Underground",0,2.292,20130918,20131127,"A","A","D","I"
"206","a39331","WEBER RIVER","MORGAN",0,2.13,"Underground",0,2.13,20130924,20131127,"A","A","D","I"
"207","a39432","WEBER RIVER","SUMMIT",0,0.9,"Underground",0,0.9,20131125,20140211,"A","A","D","I"
"208","a39565","WEBER RIVER","SUMMIT",0,30.525,"Underground",0,29.243,20140206,20140922,"A","A","M","I"
"209","a39583","WEBER RIVER","SUMMIT",0,0.9,"Underground",0,0.9,20140218,20140501,"A","A","D","I"
"210","a39597","WEBER RIVER","WEBER",0.015,2.625,"Underground",0,1.125,20140220,20140619,"A","A","D","I"
"211","a39707","WEBER RIVER","SUMMIT",0.077,18.45,"Underground",0.077,18.45,20140327,20140616,"A","A","D","IS"
"212","a39888","WEBER RIVER","SUMMIT",0,2.7,"Underground",0,2.7,20140528,20140827,"A","A","DO","I"
"213","a39970","WEBER RIVER","SUMMIT",0,0.9,"Underground",0,0.9,20140626,20140916,"A","A","D","I"
"214","a39976","WEBER RIVER","WEBER",0,5.6,"Underground",0,5.6,20140627,20150108,"A","A","DO","S"
"215","a40019","WEBER RIVER","SUMMIT",0,38.45,"Underground",0,38.451,20140714,20150121,"A","A","M","I"
"216","a40120","WEBER RIVER","SUMMIT",0,50,"Surface",0,50,20140820,20150209,"A","A","M","I"
"217","a40152","WEBER RIVER","SUMMIT",0,0.9,"Underground",0,0.9,20140829,20150605,"A","A","D","I"
"218","a40153","WEBER RIVER","SUMMIT",0,0.9,"Underground",0,0.9,20140829,20150605,"A","A","D","I"
"219","a40202","WEBER RIVER","SUMMIT",0,4.584,"Underground",0,3.03,20141002,20151008,"A","A","D","I"
"220","a40270","WEBER RIVER","SUMMIT",0,10,"Underground",0,9,20141113,20150420,"A","A","DO","I"
"221","a40417","WEBER RIVER","SUMMIT",0,0.9,"Underground",0,0.9,20150116,20150326,"A","A","D","I"
"222","a40512","WEBER RIVER","SUMMIT",0,3.96,"Underground",0,3.96,20150213,20150501,"A","A","M","I"
"223","a40583","WEBER RIVER","SUMMIT",0,1.5,"Spring",0,1.5,20150316,20150908,"A","A","D","I"
"224","a40644","WEBER RIVER","SUMMIT",0,1.338,"Underground",0,1.282,20150331,20150721,"A","A","M","I"
"225","a40814","WEBER RIVER","SUMMIT",0,0.9,"Underground",0,0.9,20150514,20150806,"A","A","D","I"
"226","a40887","WEBER RIVER","SUMMIT",0,4.06,"Underground",0,4.06,20150611,20150921,"A","A","M","I"
"227","a41014","WEBER RIVER","SUMMIT",0,3.45,"Underground",0,3.45,20150811,20160322,"A","A","D","I"
"228","a41061","WEBER RIVER","SUMMIT",0,2,"Underground",0,2,20150827,20161102,"A","A","D","I"
"229","a41123","WEBER RIVER","SUMMIT",0,0.25,"Underground",0,0.25,20150930,20151210,"A","A","D","I"
"230","a41173","WEBER RIVER","SUMMIT",0,0.9,"Underground",0,0.9,20151022,20160414,"A","A","D","I"
"231","a41178","WEBER RIVER","SUMMIT",0,0.9,"Underground",0,0.9,20151027,20160304,"A","A","D","I"
"232","a41208","WEBER RIVER","SUMMIT",0.022,1,"Underground",0.022,0.63,20161219,20170503,"A","A","D","S"
"233","a41373","WEBER RIVER","WEBER",0,0.75,"Underground",0,0.75,20160203,20160510,"A","P","D","I"
"234","a41374","WEBER RIVER","WEBER",0,1,"Underground",0,1,20160203,20160510,"A","P","D","I"
"235","a41398","WEBER RIVER","BOX ELDER",0,6,"Underground",0,6,20160212,20160502,"A","A","D","IS"
"236","a41576","WEBER RIVER","SUMMIT",0,4.5,"Underground",0,4.5,20160421,20160706,"A","A","M","I"
"237","a41700","WEBER RIVER","SUMMIT",0,169.652,"Underground",0,152.69,20160526,20170727,"A","A","M","I"
"238","a41702","WEBER RIVER","SUMMIT",0,173.674,"Underground",0,156.31,20160526,20170727,"A","A","M","IS"
"239","a41703","WEBER RIVER","SUMMIT",0,109.688,"Underground",0,87.428,20160526,20170717,"A","A","M","I"
"240","a41826","WEBER RIVER","SUMMIT",0.075,17.621,"Underground",0,11.1,20160712,20170727,"A","A","M","I"
"241","a41911","WEBER RIVER","SUMMIT",0.4,30,"Underground",0,20.7,20160812,20171024,"A","A","DM","I"
"242","a41998","WEBER RIVER","SUMMIT",0,1.87,"Underground",0,1.87,20160914,20170222,"A","A","M","I"
"243","a42040","WEBER RIVER","SUMMIT",0,1,"Underground",0,0.88,20161003,20170227,"A","A","D","I"
"244","a42045","WEBER RIVER","SUMMIT",0,2.025,"Spring",0,2.025,20161004,20170306,"A","A","D","I"
"245","a42213","WEBER RIVER","SUMMIT",0,3,"Underground",0,2.64,20161223,20171002,"A","A","DO","I"
"246","a42610","WEBER RIVER","SUMMIT",0,1,"Underground",0,1,20170510,20170713,"A","A","D","I"
"247","a42755","WEBER RIVER","SUMMIT",0,0.5,"Underground",0,0.5,20170706,20170914,"A","A","D","I"
"248","a42756","WEBER RIVER","SUMMIT",0,0.5,"Underground",0,0.5,20170706,20170914,"A","A","D","I"
"249","a42757","WEBER RIVER","SUMMIT",0,0.5,"Underground",0,0.5,20170706,20170911,"A","A","D","I"
"250","a42758","WEBER RIVER","SUMMIT",0,0.5,"Underground",0,0.5,20170706,20170914,"A","A","D","I"
"251","a42759","WEBER RIVER","SUMMIT",0,0.5,"Underground",0,0.5,20170706,20170914,"A","A","D","I"
"252","a42760","WEBER RIVER","SUMMIT",0,0.5,"Underground",0,0.5,20170706,20170914,"A","A","D","I"
"253","a42810","WEBER RIVER","SUMMIT",0,0.9,"Spring",0,0.9,20170728,20180502,"A","P","D","I"
"254","a42817","WEBER RIVER","SUMMIT",0,18,"Underground",0,18,20170801,20171016,"A","A","M","I"
"255","a42818","WEBER RIVER","SUMMIT",0,10.2,"Underground",0,10.2,20170801,20171016,"A","A","M","I"
"256","a42888","WEBER RIVER","SUMMIT",0,0.9,"Underground",0,0.9,20170825,20171127,"A","A","D","I"
"257","a42929","WEBER RIVER","SUMMIT",0,38.475,"Underground",0,38.475,20170914,20180330,"A","A","DM","I"
"258","a43013","WEBER RIVER","WEBER",0,1.6,"Underground",0,1.6,20171006,20180319,"A","A","D","I"
"259","a43150","WEBER RIVER","SUMMIT",0,1.66,"Underground",0,1.66,20171213,20180514,"A","A","D","I"
"260","a43160","WEBER RIVER","MORGAN",0,4,"Underground",0,4,20171219,20180419,"A","A","D","I"
"261","a43161","WEBER RIVER","MORGAN",3,5,"Underground",0,5,20171219,20180419,"A","A","D","I"
"262","a43172","WEBER RIVER","SUMMIT",0,2,"Underground",0,2,20171220,20180515,"A","A","M","I"
"263","a43185","WEBER RIVER","SUMMIT",0,17,"Underground",0,17,20171227,20180515,"A","A","M","I"
"264","a43186","WEBER RIVER","SUMMIT",0,8.91,"Underground",0,7.956,20171227,20180515,"A","A","M","I"
"265","a43307","WEBER RIVER","SUMMIT",0,0.9,"Underground",0,0.9,20180131,20180515,"A","A","D","I"
"266","a43319","WEBER RIVER","SUMMIT",0.013,3,"Underground",0,3,20180206,20180515,"A","A","D","I"
"267","a43322","WEBER RIVER","WEBER",5.6,415.05,"Underground",0,415.05,20180129,20180627,"A","A","M","I"
"268","a43328","WEBER RIVER","SUMMIT",0,1,"Underground",0,1,20180208,20180515,"A","A","D","I"
"269","a43396","WEBER RIVER","SUMMIT",0,0.9,"Underground",0,0.9,20180301,20180612,"A","A","D","I"
"270","a43407","WEBER RIVER","SUMMIT",0,0.9,"Underground",0,0.9,20180305,20180612,"A","A","D","I"
"271","a43408","WEBER RIVER","SUMMIT",0,0.9,"Underground",0,0.9,20180305,20180612,"A","A","D","I"
"272","a43506","WEBER RIVER","SUMMIT",0,38,"Underground",0,28.5,20180329,20181011,"A","A","M","I"
"273","a43507","WEBER RIVER","SUMMIT",0,61,"Underground",0,61,20180329,20181011,"A","A","M","I"
"274","a43827","WEBER RIVER","SUMMIT",0,0.9,"Underground",0,0.9,20180627,20181001,"A","A","D","I"
"275","a19901","WEBER RIVER","SUMMIT",0,1.013,"Surface",0,1.013,19960418,20070425,"A","A","D","S"
"276","a33071","WEBER RIVER","WEBER",0,1,"Underground",0,1,20070608,20071004,"A","P","D","I"
