Run Number,Trace Number,Object.Slot,Timestep,Slot Value,Year
1,0,Other Data.TotalShortage,11-30-2459 23:59:00,0,2459
1,0,Other Data.TotalShortage,12-31-2459 23:59:00,0,2459
1,0,Other Data.TotalShortage,01-31-2460 23:59:00,0,2460
1,0,Other Data.TotalShortage,02-29-2460 23:59:00,0,2460
1,0,Other Data.TotalShortage,03-31-2460 23:59:00,0,2460
1,0,Other Data.TotalShortage,04-30-2460 23:59:00,0,2460
1,0,Other Data.TotalShortage,05-31-2460 23:59:00,0,2460
1,0,Other Data.TotalShortage,06-30-2460 23:59:00,0,2460
1,0,Other Data.TotalShortage,07-31-2460 23:59:00,0,2460
1,0,Other Data.TotalShortage,08-31-2460 23:59:00,4.82151e-13,2460
1,0,Other Data.TotalShortage,09-30-2460 23:59:00,4.66598e-13,2460
1,0,Other Data.TotalShortage,10-31-2460 23:59:00,0,2460
1,0,Other Data.TotalShortage,11-30-2460 23:59:00,0,2460
1,0,Other Data.TotalShortage,12-31-2460 23:59:00,0,2460
1,0,Other Data.TotalShortage,01-31-2461 23:59:00,0,2461
1,0,Other Data.TotalShortage,02-28-2461 23:59:00,0,2461
1,0,Other Data.TotalShortage,03-31-2461 23:59:00,0,2461
1,0,Other Data.TotalShortage,04-30-2461 23:59:00,0,2461
1,0,Other Data.TotalShortage,05-31-2461 23:59:00,0,2461
1,0,Other Data.TotalShortage,06-30-2461 23:59:00,0,2461
1,0,Other Data.TotalShortage,07-31-2461 23:59:00,0,2461
1,0,Other Data.TotalShortage,08-31-2461 23:59:00,0,2461
1,0,Other Data.TotalShortage,09-30-2461 23:59:00,5.56501,2461
1,0,Other Data.TotalShortage,10-31-2461 23:59:00,0,2461
1,0,Other Data.TotalShortage,11-30-2461 23:59:00,0,2461
1,0,Other Data.TotalShortage,12-31-2461 23:59:00,0,2461
1,0,Other Data.TotalShortage,01-31-2462 23:59:00,0,2462
1,0,Other Data.TotalShortage,02-28-2462 23:59:00,0,2462
1,0,Other Data.TotalShortage,03-31-2462 23:59:00,0,2462
1,0,Other Data.TotalShortage,04-30-2462 23:59:00,0,2462
1,0,Other Data.TotalShortage,05-31-2462 23:59:00,0,2462
1,0,Other Data.TotalShortage,06-30-2462 23:59:00,0,2462
1,0,Other Data.TotalShortage,07-31-2462 23:59:00,0,2462
1,0,Other Data.TotalShortage,08-31-2462 23:59:00,4.82151e-13,2462
1,0,Other Data.TotalShortage,09-30-2462 23:59:00,9.33195e-13,2462
1,0,Other Data.TotalShortage,10-31-2462 23:59:00,0,2462
1,0,Other Data.TotalShortage,11-30-2462 23:59:00,0,2462
1,0,Other Data.TotalShortage,12-31-2462 23:59:00,0,2462
1,0,Other Data.TotalShortage,01-31-2463 23:59:00,2.41075e-13,2463
1,0,Other Data.TotalShortage,02-28-2463 23:59:00,0,2463
1,0,Other Data.TotalShortage,03-31-2463 23:59:00,0,2463
1,0,Other Data.TotalShortage,04-30-2463 23:59:00,0,2463
1,0,Other Data.TotalShortage,05-31-2463 23:59:00,9.64302e-13,2463
1,0,Other Data.TotalShortage,06-30-2463 23:59:00,9.33195e-13,2463
1,0,Other Data.TotalShortage,07-31-2463 23:59:00,0,2463
1,0,Other Data.TotalShortage,08-31-2463 23:59:00,4.82151e-13,2463
1,0,Other Data.TotalShortage,09-30-2463 23:59:00,4.66598e-13,2463
1,0,Other Data.TotalShortage,10-31-2463 23:59:00,1.95874e-13,2463
1,0,Other Data.TotalShortage,11-30-2463 23:59:00,0,2463
1,0,Other Data.TotalShortage,12-31-2463 23:59:00,0,2463
1,0,Other Data.TotalShortage,01-31-2464 23:59:00,2.41075e-13,2464
1,0,Other Data.TotalShortage,02-29-2464 23:59:00,0,2464
1,0,Other Data.TotalShortage,03-31-2464 23:59:00,0,2464
1,0,Other Data.TotalShortage,04-30-2464 23:59:00,0,2464
1,0,Other Data.TotalShortage,05-31-2464 23:59:00,0,2464
1,0,Other Data.TotalShortage,06-30-2464 23:59:00,0,2464
1,0,Other Data.TotalShortage,07-31-2464 23:59:00,0,2464
1,0,Other Data.TotalShortage,08-31-2464 23:59:00,0,2464
1,0,Other Data.TotalShortage,09-30-2464 23:59:00,4.98927,2464
1,0,Other Data.TotalShortage,10-31-2464 23:59:00,0,2464
1,0,Other Data.TotalShortage,11-30-2464 23:59:00,0,2464
1,0,Other Data.TotalShortage,12-31-2464 23:59:00,0,2464
1,0,Other Data.TotalShortage,01-31-2465 23:59:00,0,2465
1,0,Other Data.TotalShortage,02-28-2465 23:59:00,4.35491e-13,2465
1,0,Other Data.TotalShortage,03-31-2465 23:59:00,0,2465
1,0,Other Data.TotalShortage,04-30-2465 23:59:00,0,2465
1,0,Other Data.TotalShortage,05-31-2465 23:59:00,0,2465
1,0,Other Data.TotalShortage,06-30-2465 23:59:00,0,2465
1,0,Other Data.TotalShortage,07-31-2465 23:59:00,0,2465
1,0,Other Data.TotalShortage,08-31-2465 23:59:00,1.9286e-12,2465
1,0,Other Data.TotalShortage,09-30-2465 23:59:00,5.20583,2465
1,0,Other Data.TotalShortage,10-31-2465 23:59:00,0,2465
1,0,Other Data.TotalShortage,11-30-2465 23:59:00,0,2465
1,0,Other Data.TotalShortage,12-31-2465 23:59:00,0,2465
1,0,Other Data.TotalShortage,01-31-2466 23:59:00,0,2466
1,0,Other Data.TotalShortage,02-28-2466 23:59:00,0,2466
1,0,Other Data.TotalShortage,03-31-2466 23:59:00,0,2466
1,0,Other Data.TotalShortage,04-30-2466 23:59:00,0,2466
1,0,Other Data.TotalShortage,05-31-2466 23:59:00,0,2466
1,0,Other Data.TotalShortage,06-30-2466 23:59:00,0,2466
1,0,Other Data.TotalShortage,07-31-2466 23:59:00,0,2466
1,0,Other Data.TotalShortage,08-31-2466 23:59:00,1.9286e-12,2466
1,0,Other Data.TotalShortage,09-30-2466 23:59:00,5.1536,2466
1,0,Other Data.TotalShortage,10-31-2466 23:59:00,0,2466
1,0,Other Data.TotalShortage,11-30-2466 23:59:00,0,2466
1,0,Other Data.TotalShortage,12-31-2466 23:59:00,0,2466
1,0,Other Data.TotalShortage,01-31-2467 23:59:00,0,2467
1,0,Other Data.TotalShortage,02-28-2467 23:59:00,0,2467
1,0,Other Data.TotalShortage,03-31-2467 23:59:00,0,2467
1,0,Other Data.TotalShortage,04-30-2467 23:59:00,0,2467
1,0,Other Data.TotalShortage,05-31-2467 23:59:00,0,2467
1,0,Other Data.TotalShortage,06-30-2467 23:59:00,0,2467
1,0,Other Data.TotalShortage,07-31-2467 23:59:00,0,2467
1,0,Other Data.TotalShortage,08-31-2467 23:59:00,0,2467
1,0,Other Data.TotalShortage,09-30-2467 23:59:00,6.74033,2467
1,0,Other Data.TotalShortage,10-31-2467 23:59:00,0,2467
1,0,Other Data.TotalShortage,11-30-2467 23:59:00,0,2467
1,0,Other Data.TotalShortage,12-31-2467 23:59:00,4.82151e-13,2467
1,0,Other Data.TotalShortage,01-31-2468 23:59:00,0,2468
1,0,Other Data.TotalShortage,02-29-2468 23:59:00,0,2468
1,0,Other Data.TotalShortage,03-31-2468 23:59:00,0,2468
1,0,Other Data.TotalShortage,04-30-2468 23:59:00,0,2468
1,0,Other Data.TotalShortage,05-31-2468 23:59:00,0,2468
1,0,Other Data.TotalShortage,06-30-2468 23:59:00,0,2468
1,0,Other Data.TotalShortage,07-31-2468 23:59:00,0,2468
1,0,Other Data.TotalShortage,08-31-2468 23:59:00,0,2468
1,0,Other Data.TotalShortage,09-30-2468 23:59:00,6.09119,2468
1,0,Other Data.TotalShortage,10-31-2468 23:59:00,0,2468
1,0,Other Data.TotalShortage,11-30-2468 23:59:00,0,2468
1,0,Other Data.TotalShortage,12-31-2468 23:59:00,0,2468
1,0,Other Data.TotalShortage,01-31-2469 23:59:00,2.41075e-13,2469
1,0,Other Data.TotalShortage,02-28-2469 23:59:00,0,2469
1,0,Other Data.TotalShortage,03-31-2469 23:59:00,0,2469
1,0,Other Data.TotalShortage,04-30-2469 23:59:00,0,2469
1,0,Other Data.TotalShortage,05-31-2469 23:59:00,0,2469
1,0,Other Data.TotalShortage,06-30-2469 23:59:00,0,2469
1,0,Other Data.TotalShortage,07-31-2469 23:59:00,0,2469
1,0,Other Data.TotalShortage,08-31-2469 23:59:00,0,2469
1,0,Other Data.TotalShortage,09-30-2469 23:59:00,5.01911,2469
1,0,Other Data.TotalShortage,10-31-2469 23:59:00,0,2469
1,0,Other Data.TotalShortage,11-30-2469 23:59:00,0,2469
1,0,Other Data.TotalShortage,12-31-2469 23:59:00,0,2469
1,0,Other Data.TotalShortage,01-31-2470 23:59:00,0,2470
1,0,Other Data.TotalShortage,02-28-2470 23:59:00,0,2470
1,0,Other Data.TotalShortage,03-31-2470 23:59:00,0,2470
1,0,Other Data.TotalShortage,04-30-2470 23:59:00,0,2470
1,0,Other Data.TotalShortage,05-31-2470 23:59:00,0,2470
1,0,Other Data.TotalShortage,06-30-2470 23:59:00,9.33195e-13,2470
1,0,Other Data.TotalShortage,07-31-2470 23:59:00,9.64302e-13,2470
1,0,Other Data.TotalShortage,08-31-2470 23:59:00,2.41075e-12,2470
1,0,Other Data.TotalShortage,09-30-2470 23:59:00,4.42254,2470
1,0,Other Data.TotalShortage,10-31-2470 23:59:00,0,2470
1,0,Other Data.TotalShortage,11-30-2470 23:59:00,0,2470
1,0,Other Data.TotalShortage,12-31-2470 23:59:00,0,2470
1,0,Other Data.TotalShortage,01-31-2471 23:59:00,0,2471
1,0,Other Data.TotalShortage,02-28-2471 23:59:00,0,2471
1,0,Other Data.TotalShortage,03-31-2471 23:59:00,0,2471
1,0,Other Data.TotalShortage,04-30-2471 23:59:00,0,2471
1,0,Other Data.TotalShortage,05-31-2471 23:59:00,0,2471
1,0,Other Data.TotalShortage,06-30-2471 23:59:00,0,2471
1,0,Other Data.TotalShortage,07-31-2471 23:59:00,0,2471
1,0,Other Data.TotalShortage,08-31-2471 23:59:00,2.41075e-12,2471
1,0,Other Data.TotalShortage,09-30-2471 23:59:00,4.08328,2471
1,0,Other Data.TotalShortage,10-31-2471 23:59:00,0,2471
1,0,Other Data.TotalShortage,11-30-2471 23:59:00,0,2471
1,0,Other Data.TotalShortage,12-31-2471 23:59:00,0,2471
1,0,Other Data.TotalShortage,01-31-2472 23:59:00,0,2472
1,0,Other Data.TotalShortage,02-29-2472 23:59:00,0,2472
1,0,Other Data.TotalShortage,03-31-2472 23:59:00,0,2472
1,0,Other Data.TotalShortage,04-30-2472 23:59:00,0,2472
1,0,Other Data.TotalShortage,05-31-2472 23:59:00,0,2472
1,0,Other Data.TotalShortage,06-30-2472 23:59:00,0,2472
1,0,Other Data.TotalShortage,07-31-2472 23:59:00,9.64302e-13,2472
1,0,Other Data.TotalShortage,08-31-2472 23:59:00,2.41075e-12,2472
1,0,Other Data.TotalShortage,09-30-2472 23:59:00,257.686,2472
1,0,Other Data.TotalShortage,10-31-2472 23:59:00,1.95874e-13,2472
1,0,Other Data.TotalShortage,11-30-2472 23:59:00,0,2472
1,0,Other Data.TotalShortage,12-31-2472 23:59:00,4.82151e-13,2472
1,0,Other Data.TotalShortage,01-31-2473 23:59:00,0,2473
1,0,Other Data.TotalShortage,02-28-2473 23:59:00,0,2473
1,0,Other Data.TotalShortage,03-31-2473 23:59:00,0,2473
1,0,Other Data.TotalShortage,04-30-2473 23:59:00,0,2473
1,0,Other Data.TotalShortage,05-31-2473 23:59:00,0,2473
1,0,Other Data.TotalShortage,06-30-2473 23:59:00,0,2473
1,0,Other Data.TotalShortage,07-31-2473 23:59:00,0,2473
1,0,Other Data.TotalShortage,08-31-2473 23:59:00,2.41075e-12,2473
1,0,Other Data.TotalShortage,09-30-2473 23:59:00,3.98842,2473
1,0,Other Data.TotalShortage,10-31-2473 23:59:00,0,2473
1,0,Other Data.TotalShortage,11-30-2473 23:59:00,0,2473
1,0,Other Data.TotalShortage,12-31-2473 23:59:00,0,2473
1,0,Other Data.TotalShortage,01-31-2474 23:59:00,0,2474
1,0,Other Data.TotalShortage,02-28-2474 23:59:00,0,2474
1,0,Other Data.TotalShortage,03-31-2474 23:59:00,4.82151e-13,2474
1,0,Other Data.TotalShortage,04-30-2474 23:59:00,0,2474
1,0,Other Data.TotalShortage,05-31-2474 23:59:00,0,2474
1,0,Other Data.TotalShortage,06-30-2474 23:59:00,0,2474
1,0,Other Data.TotalShortage,07-31-2474 23:59:00,0,2474
1,0,Other Data.TotalShortage,08-31-2474 23:59:00,8.67871e-12,2474
1,0,Other Data.TotalShortage,09-30-2474 23:59:00,2.33299e-12,2474
1,0,Other Data.TotalShortage,10-31-2474 23:59:00,1.95874e-13,2474
1,0,Other Data.TotalShortage,11-30-2474 23:59:00,0,2474
1,0,Other Data.TotalShortage,12-31-2474 23:59:00,0,2474
1,0,Other Data.TotalShortage,01-31-2475 23:59:00,0,2475
1,0,Other Data.TotalShortage,02-28-2475 23:59:00,0,2475
1,0,Other Data.TotalShortage,03-31-2475 23:59:00,0,2475
1,0,Other Data.TotalShortage,04-30-2475 23:59:00,0,2475
1,0,Other Data.TotalShortage,05-31-2475 23:59:00,0,2475
1,0,Other Data.TotalShortage,06-30-2475 23:59:00,0,2475
1,0,Other Data.TotalShortage,07-31-2475 23:59:00,0,2475
1,0,Other Data.TotalShortage,08-31-2475 23:59:00,1.9286e-12,2475
1,0,Other Data.TotalShortage,09-30-2475 23:59:00,4.66598e-13,2475
1,0,Other Data.TotalShortage,10-31-2475 23:59:00,0,2475
1,0,Other Data.TotalShortage,11-30-2475 23:59:00,0,2475
1,0,Other Data.TotalShortage,12-31-2475 23:59:00,0,2475
1,0,Other Data.TotalShortage,01-31-2476 23:59:00,0,2476
1,0,Other Data.TotalShortage,02-29-2476 23:59:00,0,2476
1,0,Other Data.TotalShortage,03-31-2476 23:59:00,0,2476
1,0,Other Data.TotalShortage,04-30-2476 23:59:00,0,2476
1,0,Other Data.TotalShortage,05-31-2476 23:59:00,0,2476
1,0,Other Data.TotalShortage,06-30-2476 23:59:00,9.33195e-13,2476
1,0,Other Data.TotalShortage,07-31-2476 23:59:00,0,2476
1,0,Other Data.TotalShortage,08-31-2476 23:59:00,4.82151e-13,2476
1,0,Other Data.TotalShortage,09-30-2476 23:59:00,9.33195e-13,2476
1,0,Other Data.TotalShortage,10-31-2476 23:59:00,1.95874e-13,2476
1,0,Other Data.TotalShortage,11-30-2476 23:59:00,0,2476
1,0,Other Data.TotalShortage,12-31-2476 23:59:00,0,2476
1,0,Other Data.TotalShortage,01-31-2477 23:59:00,0,2477
1,0,Other Data.TotalShortage,02-28-2477 23:59:00,0,2477
1,0,Other Data.TotalShortage,03-31-2477 23:59:00,0,2477
1,0,Other Data.TotalShortage,04-30-2477 23:59:00,0,2477
1,0,Other Data.TotalShortage,05-31-2477 23:59:00,0,2477
1,0,Other Data.TotalShortage,06-30-2477 23:59:00,0,2477
1,0,Other Data.TotalShortage,07-31-2477 23:59:00,4.82151e-12,2477
1,0,Other Data.TotalShortage,08-31-2477 23:59:00,6.26796e-12,2477
1,0,Other Data.TotalShortage,09-30-2477 23:59:00,733.078,2477
1,0,Other Data.TotalShortage,10-31-2477 23:59:00,1.95874e-13,2477
1,0,Other Data.TotalShortage,11-30-2477 23:59:00,0,2477
1,0,Other Data.TotalShortage,12-31-2477 23:59:00,0,2477
1,0,Other Data.TotalShortage,01-31-2478 23:59:00,0,2478
1,0,Other Data.TotalShortage,02-28-2478 23:59:00,0,2478
1,0,Other Data.TotalShortage,03-31-2478 23:59:00,0,2478
1,0,Other Data.TotalShortage,04-30-2478 23:59:00,0,2478
1,0,Other Data.TotalShortage,05-31-2478 23:59:00,0,2478
1,0,Other Data.TotalShortage,06-30-2478 23:59:00,0,2478
1,0,Other Data.TotalShortage,07-31-2478 23:59:00,5.78581e-12,2478
1,0,Other Data.TotalShortage,08-31-2478 23:59:00,2.41075e-12,2478
1,0,Other Data.TotalShortage,09-30-2478 23:59:00,1.39979e-12,2478
1,0,Other Data.TotalShortage,10-31-2478 23:59:00,1.95874e-13,2478
1,0,Other Data.TotalShortage,11-30-2478 23:59:00,0,2478
1,0,Other Data.TotalShortage,12-31-2478 23:59:00,0,2478
1,0,Other Data.TotalShortage,01-31-2479 23:59:00,0,2479
1,0,Other Data.TotalShortage,02-28-2479 23:59:00,0,2479
1,0,Other Data.TotalShortage,03-31-2479 23:59:00,0,2479
1,0,Other Data.TotalShortage,04-30-2479 23:59:00,0,2479
1,0,Other Data.TotalShortage,05-31-2479 23:59:00,0,2479
1,0,Other Data.TotalShortage,06-30-2479 23:59:00,0,2479
1,0,Other Data.TotalShortage,07-31-2479 23:59:00,0,2479
1,0,Other Data.TotalShortage,08-31-2479 23:59:00,4.82151e-13,2479
1,0,Other Data.TotalShortage,09-30-2479 23:59:00,292.885,2479
1,0,Other Data.TotalShortage,10-31-2479 23:59:00,1.95874e-13,2479
1,0,Other Data.TotalShortage,11-30-2479 23:59:00,0,2479
1,0,Other Data.TotalShortage,12-31-2479 23:59:00,4.82151e-13,2479
1,0,Other Data.TotalShortage,01-31-2480 23:59:00,0,2480
1,0,Other Data.TotalShortage,02-29-2480 23:59:00,0,2480
1,0,Other Data.TotalShortage,03-31-2480 23:59:00,0,2480
1,0,Other Data.TotalShortage,04-30-2480 23:59:00,0,2480
1,0,Other Data.TotalShortage,05-31-2480 23:59:00,0,2480
1,0,Other Data.TotalShortage,06-30-2480 23:59:00,0,2480
1,0,Other Data.TotalShortage,07-31-2480 23:59:00,2.8929e-12,2480
1,0,Other Data.TotalShortage,08-31-2480 23:59:00,4.82151e-13,2480
1,0,Other Data.TotalShortage,09-30-2480 23:59:00,1708.1,2480
1,0,Other Data.TotalShortage,10-31-2480 23:59:00,1.16018e-12,2480
1,0,Other Data.TotalShortage,11-30-2480 23:59:00,0,2480
1,0,Other Data.TotalShortage,12-31-2480 23:59:00,0,2480
1,0,Other Data.TotalShortage,01-31-2481 23:59:00,0,2481
1,0,Other Data.TotalShortage,02-28-2481 23:59:00,0,2481
1,0,Other Data.TotalShortage,03-31-2481 23:59:00,0,2481
1,0,Other Data.TotalShortage,04-30-2481 23:59:00,0,2481
1,0,Other Data.TotalShortage,05-31-2481 23:59:00,0,2481
1,0,Other Data.TotalShortage,06-30-2481 23:59:00,0,2481
1,0,Other Data.TotalShortage,07-31-2481 23:59:00,0,2481
1,0,Other Data.TotalShortage,08-31-2481 23:59:00,3456.54,2481
1,0,Other Data.TotalShortage,09-30-2481 23:59:00,2846.68,2481
1,0,Other Data.TotalShortage,10-31-2481 23:59:00,1.16018e-12,2481
1,0,Other Data.TotalShortage,11-30-2481 23:59:00,0,2481
1,0,Other Data.TotalShortage,12-31-2481 23:59:00,0,2481
1,0,Other Data.TotalShortage,01-31-2482 23:59:00,0,2482
1,0,Other Data.TotalShortage,02-28-2482 23:59:00,4.35491e-13,2482
1,0,Other Data.TotalShortage,03-31-2482 23:59:00,4.82151e-13,2482
1,0,Other Data.TotalShortage,04-30-2482 23:59:00,0,2482
1,0,Other Data.TotalShortage,05-31-2482 23:59:00,2.41075e-12,2482
1,0,Other Data.TotalShortage,06-30-2482 23:59:00,4684.87,2482
1,0,Other Data.TotalShortage,07-31-2482 23:59:00,10690.4,2482
1,0,Other Data.TotalShortage,08-31-2482 23:59:00,7186.75,2482
1,0,Other Data.TotalShortage,09-30-2482 23:59:00,5633.88,2482
1,0,Other Data.TotalShortage,10-31-2482 23:59:00,1.16018e-12,2482
1,0,Other Data.TotalShortage,11-30-2482 23:59:00,0,2482
1,0,Other Data.TotalShortage,12-31-2482 23:59:00,0,2482
1,0,Other Data.TotalShortage,01-31-2483 23:59:00,0,2483
1,0,Other Data.TotalShortage,02-28-2483 23:59:00,0,2483
1,0,Other Data.TotalShortage,03-31-2483 23:59:00,0,2483
1,0,Other Data.TotalShortage,04-30-2483 23:59:00,0,2483
1,0,Other Data.TotalShortage,05-31-2483 23:59:00,0,2483
1,0,Other Data.TotalShortage,06-30-2483 23:59:00,0,2483
1,0,Other Data.TotalShortage,07-31-2483 23:59:00,0,2483
1,0,Other Data.TotalShortage,08-31-2483 23:59:00,6.26796e-12,2483
1,0,Other Data.TotalShortage,09-30-2483 23:59:00,2.79959e-12,2483
1,0,Other Data.TotalShortage,10-31-2483 23:59:00,1.95874e-13,2483
1,0,Other Data.TotalShortage,11-30-2483 23:59:00,0,2483
1,0,Other Data.TotalShortage,12-31-2483 23:59:00,0,2483
1,0,Other Data.TotalShortage,01-31-2484 23:59:00,2.41075e-13,2484
1,0,Other Data.TotalShortage,02-29-2484 23:59:00,0,2484
1,0,Other Data.TotalShortage,03-31-2484 23:59:00,0,2484
1,0,Other Data.TotalShortage,04-30-2484 23:59:00,0,2484
1,0,Other Data.TotalShortage,05-31-2484 23:59:00,0,2484
1,0,Other Data.TotalShortage,06-30-2484 23:59:00,9.33195e-13,2484
1,0,Other Data.TotalShortage,07-31-2484 23:59:00,0,2484
1,0,Other Data.TotalShortage,08-31-2484 23:59:00,792.864,2484
1,0,Other Data.TotalShortage,09-30-2484 23:59:00,1894.27,2484
1,0,Other Data.TotalShortage,10-31-2484 23:59:00,2.12448e-12,2484
1,0,Other Data.TotalShortage,11-30-2484 23:59:00,0,2484
1,0,Other Data.TotalShortage,12-31-2484 23:59:00,0,2484
1,0,Other Data.TotalShortage,01-31-2485 23:59:00,0,2485
1,0,Other Data.TotalShortage,02-28-2485 23:59:00,0,2485
1,0,Other Data.TotalShortage,03-31-2485 23:59:00,0,2485
1,0,Other Data.TotalShortage,04-30-2485 23:59:00,0,2485
1,0,Other Data.TotalShortage,05-31-2485 23:59:00,0,2485
1,0,Other Data.TotalShortage,06-30-2485 23:59:00,2.79959e-12,2485
1,0,Other Data.TotalShortage,07-31-2485 23:59:00,0,2485
1,0,Other Data.TotalShortage,08-31-2485 23:59:00,2513.7,2485
1,0,Other Data.TotalShortage,09-30-2485 23:59:00,2051.52,2485
1,0,Other Data.TotalShortage,10-31-2485 23:59:00,1.16018e-12,2485
1,0,Other Data.TotalShortage,11-30-2485 23:59:00,0,2485
1,0,Other Data.TotalShortage,12-31-2485 23:59:00,0,2485
1,0,Other Data.TotalShortage,01-31-2486 23:59:00,0,2486
1,0,Other Data.TotalShortage,02-28-2486 23:59:00,0,2486
1,0,Other Data.TotalShortage,03-31-2486 23:59:00,0,2486
1,0,Other Data.TotalShortage,04-30-2486 23:59:00,0,2486
1,0,Other Data.TotalShortage,05-31-2486 23:59:00,0,2486
1,0,Other Data.TotalShortage,06-30-2486 23:59:00,0,2486
1,0,Other Data.TotalShortage,07-31-2486 23:59:00,5.78581e-12,2486
1,0,Other Data.TotalShortage,08-31-2486 23:59:00,2.41075e-12,2486
1,0,Other Data.TotalShortage,09-30-2486 23:59:00,1879.03,2486
1,0,Other Data.TotalShortage,10-31-2486 23:59:00,1.95874e-13,2486
1,0,Other Data.TotalShortage,11-30-2486 23:59:00,0,2486
1,0,Other Data.TotalShortage,12-31-2486 23:59:00,0,2486
1,0,Other Data.TotalShortage,01-31-2487 23:59:00,0,2487
1,0,Other Data.TotalShortage,02-28-2487 23:59:00,0,2487
1,0,Other Data.TotalShortage,03-31-2487 23:59:00,0,2487
1,0,Other Data.TotalShortage,04-30-2487 23:59:00,0,2487
1,0,Other Data.TotalShortage,05-31-2487 23:59:00,0,2487
1,0,Other Data.TotalShortage,06-30-2487 23:59:00,0,2487
1,0,Other Data.TotalShortage,07-31-2487 23:59:00,0,2487
1,0,Other Data.TotalShortage,08-31-2487 23:59:00,2866.73,2487
1,0,Other Data.TotalShortage,09-30-2487 23:59:00,2635.66,2487
1,0,Other Data.TotalShortage,10-31-2487 23:59:00,1.16018e-12,2487
1,0,Other Data.TotalShortage,11-30-2487 23:59:00,0,2487
1,0,Other Data.TotalShortage,12-31-2487 23:59:00,0,2487
1,0,Other Data.TotalShortage,01-31-2488 23:59:00,0,2488
1,0,Other Data.TotalShortage,02-29-2488 23:59:00,0,2488
1,0,Other Data.TotalShortage,03-31-2488 23:59:00,4.82151e-13,2488
1,0,Other Data.TotalShortage,04-30-2488 23:59:00,0,2488
1,0,Other Data.TotalShortage,05-31-2488 23:59:00,0,2488
1,0,Other Data.TotalShortage,06-30-2488 23:59:00,18.9548,2488
1,0,Other Data.TotalShortage,07-31-2488 23:59:00,1.9286e-12,2488
1,0,Other Data.TotalShortage,08-31-2488 23:59:00,1954.77,2488
1,0,Other Data.TotalShortage,09-30-2488 23:59:00,2033.91,2488
1,0,Other Data.TotalShortage,10-31-2488 23:59:00,1.95874e-13,2488
1,0,Other Data.TotalShortage,11-30-2488 23:59:00,0,2488
1,0,Other Data.TotalShortage,12-31-2488 23:59:00,0,2488
1,0,Other Data.TotalShortage,01-31-2489 23:59:00,0,2489
1,0,Other Data.TotalShortage,02-28-2489 23:59:00,4.35491e-13,2489
1,0,Other Data.TotalShortage,03-31-2489 23:59:00,0,2489
1,0,Other Data.TotalShortage,04-30-2489 23:59:00,0,2489
1,0,Other Data.TotalShortage,05-31-2489 23:59:00,0,2489
1,0,Other Data.TotalShortage,06-30-2489 23:59:00,0,2489
1,0,Other Data.TotalShortage,07-31-2489 23:59:00,1.9286e-12,2489
1,0,Other Data.TotalShortage,08-31-2489 23:59:00,4.82151e-13,2489
1,0,Other Data.TotalShortage,09-30-2489 23:59:00,1602.23,2489
