Scenario,Population,Secondary Water Usage (Nonagricultural),Per Capita Indoor Usage,Net Evap.
1,Same,Same,Same,Same
2,Same,Same,Same,Increase
3,Same,Same,Same,Decrease
4,Same,Same,Decrease,Same
5,Same,Same,Decrease,Increase
6,Same,Same,Decrease,Decrease
7,Same,Decrease,Same,Same
8,Same,Decrease,Same,Increase
9,Same,Decrease,Same,Decrease
10,Same,Decrease,Decrease,Same
11,Same,Decrease,Decrease,Increase
12,Same,Decrease,Decrease,Decrease
13,Same,Drastic Decrease,Same,Same
14,Same,Drastic Decrease,Same,Increase
15,Same,Drastic Decrease,Same,Decrease
16,Same,Drastic Decrease,Decrease,Same
17,Same,Drastic Decrease,Decrease,Increase
18,Same,Drastic Decrease,Decrease,Decrease
19,Increase,Same,Same,Same
20,Increase,Same,Same,Increase
21,Increase,Same,Same,Decrease
22,Increase,Same,Decrease,Same
23,Increase,Same,Decrease,Increase
24,Increase,Same,Decrease,Decrease
25,Increase,Decrease,Same,Same
26,Increase,Decrease,Same,Increase
27,Increase,Decrease,Same,Decrease
28,Increase,Decrease,Decrease,Same
29,Increase,Decrease,Decrease,Increase
30,Increase,Decrease,Decrease,Decrease
31,Increase,Drastic Decrease,Same,Same
32,Increase,Drastic Decrease,Same,Increase
33,Increase,Drastic Decrease,Same,Decrease
34,Increase,Drastic Decrease,Decrease,Same
35,Increase,Drastic Decrease,Decrease,Increase
36,Increase,Drastic Decrease,Decrease,Decrease
37,Drastic Increase,Same,Same,Same
38,Drastic Increase,Same,Same,Increase
39,Drastic Increase,Same,Same,Decrease
40,Drastic Increase,Same,Decrease,Same
41,Drastic Increase,Same,Decrease,Increase
42,Drastic Increase,Same,Decrease,Decrease
43,Drastic Increase,Decrease,Same,Same
44,Drastic Increase,Decrease,Same,Increase
45,Drastic Increase,Decrease,Same,Decrease
46,Drastic Increase,Decrease,Decrease,Same
47,Drastic Increase,Decrease,Decrease,Increase
48,Drastic Increase,Decrease,Decrease,Decrease
49,Drastic Increase,Drastic Decrease,Same,Same
50,Drastic Increase,Drastic Decrease,Same,Increase
51,Drastic Increase,Drastic Decrease,Same,Decrease
52,Drastic Increase,Drastic Decrease,Decrease,Same
53,Drastic Increase,Drastic Decrease,Decrease,Increase
54,Drastic Increase,Drastic Decrease,Decrease,Decrease
