Run Number,Trace Number,Object.Slot,Timestep,Slot Value,Year,Month
1,0,RES8 Willard Bay.Evaporation,11-30-2459 23:59:00,0,2459,November
1,0,RES8 Willard Bay.Evaporation,12-31-2459 23:59:00,0,2459,December
1,0,RES8 Willard Bay.Evaporation,01-31-2460 23:59:00,0,2460,January
1,0,RES8 Willard Bay.Evaporation,02-29-2460 23:59:00,0,2460,February
1,0,RES8 Willard Bay.Evaporation,03-31-2460 23:59:00,197.34,2460,March
1,0,RES8 Willard Bay.Evaporation,04-30-2460 23:59:00,1480.05,2460,April
1,0,RES8 Willard Bay.Evaporation,05-31-2460 23:59:00,3256.11,2460,May
1,0,RES8 Willard Bay.Evaporation,06-30-2460 23:59:00,5426.86,2460,June
1,0,RES8 Willard Bay.Evaporation,07-31-2460 23:59:00,7976.27,2460,July
1,0,RES8 Willard Bay.Evaporation,08-31-2460 23:59:00,6857.64,2460,August
1,0,RES8 Willard Bay.Evaporation,09-30-2460 23:59:00,3966.8,2460,September
1,0,RES8 Willard Bay.Evaporation,10-31-2460 23:59:00,1712.77,2460,October
1,0,RES8 Willard Bay.Evaporation,11-30-2460 23:59:00,0,2460,November
1,0,RES8 Willard Bay.Evaporation,12-31-2460 23:59:00,0,2460,December
1,0,RES8 Willard Bay.Evaporation,01-31-2461 23:59:00,0,2461,January
1,0,RES8 Willard Bay.Evaporation,02-28-2461 23:59:00,0,2461,February
1,0,RES8 Willard Bay.Evaporation,03-31-2461 23:59:00,194.328,2461,March
1,0,RES8 Willard Bay.Evaporation,04-30-2461 23:59:00,1472.85,2461,April
1,0,RES8 Willard Bay.Evaporation,05-31-2461 23:59:00,3249.45,2461,May
1,0,RES8 Willard Bay.Evaporation,06-30-2461 23:59:00,5378.25,2461,June
1,0,RES8 Willard Bay.Evaporation,07-31-2461 23:59:00,7783.06,2461,July
1,0,RES8 Willard Bay.Evaporation,08-31-2461 23:59:00,6141.96,2461,August
1,0,RES8 Willard Bay.Evaporation,09-30-2461 23:59:00,3201.97,2461,September
1,0,RES8 Willard Bay.Evaporation,10-31-2461 23:59:00,1335.8,2461,October
1,0,RES8 Willard Bay.Evaporation,11-30-2461 23:59:00,0,2461,November
1,0,RES8 Willard Bay.Evaporation,12-31-2461 23:59:00,0,2461,December
1,0,RES8 Willard Bay.Evaporation,01-31-2462 23:59:00,0,2462,January
1,0,RES8 Willard Bay.Evaporation,02-28-2462 23:59:00,0,2462,February
1,0,RES8 Willard Bay.Evaporation,03-31-2462 23:59:00,181.718,2462,March
1,0,RES8 Willard Bay.Evaporation,04-30-2462 23:59:00,1418.75,2462,April
1,0,RES8 Willard Bay.Evaporation,05-31-2462 23:59:00,3163.1,2462,May
1,0,RES8 Willard Bay.Evaporation,06-30-2462 23:59:00,5272.95,2462,June
1,0,RES8 Willard Bay.Evaporation,07-31-2462 23:59:00,7747.51,2462,July
1,0,RES8 Willard Bay.Evaporation,08-31-2462 23:59:00,6439.05,2462,August
1,0,RES8 Willard Bay.Evaporation,09-30-2462 23:59:00,3480.21,2462,September
1,0,RES8 Willard Bay.Evaporation,10-31-2462 23:59:00,1446.93,2462,October
1,0,RES8 Willard Bay.Evaporation,11-30-2462 23:59:00,0,2462,November
1,0,RES8 Willard Bay.Evaporation,12-31-2462 23:59:00,0,2462,December
1,0,RES8 Willard Bay.Evaporation,01-31-2463 23:59:00,0,2463,January
1,0,RES8 Willard Bay.Evaporation,02-28-2463 23:59:00,0,2463,February
1,0,RES8 Willard Bay.Evaporation,03-31-2463 23:59:00,184.8,2463,March
1,0,RES8 Willard Bay.Evaporation,04-30-2463 23:59:00,1428.13,2463,April
1,0,RES8 Willard Bay.Evaporation,05-31-2463 23:59:00,3190.43,2463,May
1,0,RES8 Willard Bay.Evaporation,06-30-2463 23:59:00,5320.17,2463,June
1,0,RES8 Willard Bay.Evaporation,07-31-2463 23:59:00,7758.33,2463,July
1,0,RES8 Willard Bay.Evaporation,08-31-2463 23:59:00,6443.02,2463,August
1,0,RES8 Willard Bay.Evaporation,09-30-2463 23:59:00,3481.77,2463,September
1,0,RES8 Willard Bay.Evaporation,10-31-2463 23:59:00,1443.62,2463,October
1,0,RES8 Willard Bay.Evaporation,11-30-2463 23:59:00,0,2463,November
1,0,RES8 Willard Bay.Evaporation,12-31-2463 23:59:00,0,2463,December
1,0,RES8 Willard Bay.Evaporation,01-31-2464 23:59:00,0,2464,January
1,0,RES8 Willard Bay.Evaporation,02-29-2464 23:59:00,0,2464,February
1,0,RES8 Willard Bay.Evaporation,03-31-2464 23:59:00,182.023,2464,March
1,0,RES8 Willard Bay.Evaporation,04-30-2464 23:59:00,1416.87,2464,April
1,0,RES8 Willard Bay.Evaporation,05-31-2464 23:59:00,3145.55,2464,May
1,0,RES8 Willard Bay.Evaporation,06-30-2464 23:59:00,5063.89,2464,June
1,0,RES8 Willard Bay.Evaporation,07-31-2464 23:59:00,6895.76,2464,July
1,0,RES8 Willard Bay.Evaporation,08-31-2464 23:59:00,5315.51,2464,August
1,0,RES8 Willard Bay.Evaporation,09-30-2464 23:59:00,2803.93,2464,September
1,0,RES8 Willard Bay.Evaporation,10-31-2464 23:59:00,1170.95,2464,October
1,0,RES8 Willard Bay.Evaporation,11-30-2464 23:59:00,0,2464,November
1,0,RES8 Willard Bay.Evaporation,12-31-2464 23:59:00,0,2464,December
1,0,RES8 Willard Bay.Evaporation,01-31-2465 23:59:00,0,2465,January
1,0,RES8 Willard Bay.Evaporation,02-28-2465 23:59:00,0,2465,February
1,0,RES8 Willard Bay.Evaporation,03-31-2465 23:59:00,178.243,2465,March
1,0,RES8 Willard Bay.Evaporation,04-30-2465 23:59:00,1400.64,2465,April
1,0,RES8 Willard Bay.Evaporation,05-31-2465 23:59:00,3115.29,2465,May
1,0,RES8 Willard Bay.Evaporation,06-30-2465 23:59:00,5205.16,2465,June
1,0,RES8 Willard Bay.Evaporation,07-31-2465 23:59:00,7681.49,2465,July
1,0,RES8 Willard Bay.Evaporation,08-31-2465 23:59:00,6286.65,2465,August
1,0,RES8 Willard Bay.Evaporation,09-30-2465 23:59:00,3410.88,2465,September
1,0,RES8 Willard Bay.Evaporation,10-31-2465 23:59:00,1446.61,2465,October
1,0,RES8 Willard Bay.Evaporation,11-30-2465 23:59:00,0,2465,November
1,0,RES8 Willard Bay.Evaporation,12-31-2465 23:59:00,0,2465,December
1,0,RES8 Willard Bay.Evaporation,01-31-2466 23:59:00,0,2466,January
1,0,RES8 Willard Bay.Evaporation,02-28-2466 23:59:00,0,2466,February
1,0,RES8 Willard Bay.Evaporation,03-31-2466 23:59:00,183.491,2466,March
1,0,RES8 Willard Bay.Evaporation,04-30-2466 23:59:00,1424.69,2466,April
1,0,RES8 Willard Bay.Evaporation,05-31-2466 23:59:00,3217.93,2466,May
1,0,RES8 Willard Bay.Evaporation,06-30-2466 23:59:00,5420.32,2466,June
1,0,RES8 Willard Bay.Evaporation,07-31-2466 23:59:00,7965.45,2466,July
1,0,RES8 Willard Bay.Evaporation,08-31-2466 23:59:00,6838.99,2466,August
1,0,RES8 Willard Bay.Evaporation,09-30-2466 23:59:00,3924.24,2466,September
1,0,RES8 Willard Bay.Evaporation,10-31-2466 23:59:00,1677.21,2466,October
1,0,RES8 Willard Bay.Evaporation,11-30-2466 23:59:00,0,2466,November
1,0,RES8 Willard Bay.Evaporation,12-31-2466 23:59:00,0,2466,December
1,0,RES8 Willard Bay.Evaporation,01-31-2467 23:59:00,0,2467,January
1,0,RES8 Willard Bay.Evaporation,02-28-2467 23:59:00,0,2467,February
1,0,RES8 Willard Bay.Evaporation,03-31-2467 23:59:00,191.54,2467,March
1,0,RES8 Willard Bay.Evaporation,04-30-2467 23:59:00,1463.34,2467,April
1,0,RES8 Willard Bay.Evaporation,05-31-2467 23:59:00,3254.2,2467,May
1,0,RES8 Willard Bay.Evaporation,06-30-2467 23:59:00,5426.86,2467,June
1,0,RES8 Willard Bay.Evaporation,07-31-2467 23:59:00,7976.27,2467,July
1,0,RES8 Willard Bay.Evaporation,08-31-2467 23:59:00,6853.34,2467,August
1,0,RES8 Willard Bay.Evaporation,09-30-2467 23:59:00,3964.68,2467,September
1,0,RES8 Willard Bay.Evaporation,10-31-2467 23:59:00,1723.16,2467,October
1,0,RES8 Willard Bay.Evaporation,11-30-2467 23:59:00,0,2467,November
1,0,RES8 Willard Bay.Evaporation,12-31-2467 23:59:00,0,2467,December
1,0,RES8 Willard Bay.Evaporation,01-31-2468 23:59:00,0,2468,January
1,0,RES8 Willard Bay.Evaporation,02-29-2468 23:59:00,0,2468,February
1,0,RES8 Willard Bay.Evaporation,03-31-2468 23:59:00,197.244,2468,March
1,0,RES8 Willard Bay.Evaporation,04-30-2468 23:59:00,1480.05,2468,April
1,0,RES8 Willard Bay.Evaporation,05-31-2468 23:59:00,3256.11,2468,May
1,0,RES8 Willard Bay.Evaporation,06-30-2468 23:59:00,5426.86,2468,June
1,0,RES8 Willard Bay.Evaporation,07-31-2468 23:59:00,7976.28,2468,July
1,0,RES8 Willard Bay.Evaporation,08-31-2468 23:59:00,6853.83,2468,August
1,0,RES8 Willard Bay.Evaporation,09-30-2468 23:59:00,3966.78,2468,September
1,0,RES8 Willard Bay.Evaporation,10-31-2468 23:59:00,1719.41,2468,October
1,0,RES8 Willard Bay.Evaporation,11-30-2468 23:59:00,0,2468,November
1,0,RES8 Willard Bay.Evaporation,12-31-2468 23:59:00,0,2468,December
1,0,RES8 Willard Bay.Evaporation,01-31-2469 23:59:00,0,2469,January
1,0,RES8 Willard Bay.Evaporation,02-28-2469 23:59:00,0,2469,February
1,0,RES8 Willard Bay.Evaporation,03-31-2469 23:59:00,196.513,2469,March
1,0,RES8 Willard Bay.Evaporation,04-30-2469 23:59:00,1480,2469,April
1,0,RES8 Willard Bay.Evaporation,05-31-2469 23:59:00,3256.11,2469,May
1,0,RES8 Willard Bay.Evaporation,06-30-2469 23:59:00,5416.91,2469,June
1,0,RES8 Willard Bay.Evaporation,07-31-2469 23:59:00,7931.4,2469,July
1,0,RES8 Willard Bay.Evaporation,08-31-2469 23:59:00,6692.52,2469,August
1,0,RES8 Willard Bay.Evaporation,09-30-2469 23:59:00,3597.15,2469,September
1,0,RES8 Willard Bay.Evaporation,10-31-2469 23:59:00,1463.98,2469,October
1,0,RES8 Willard Bay.Evaporation,11-30-2469 23:59:00,0,2469,November
1,0,RES8 Willard Bay.Evaporation,12-31-2469 23:59:00,0,2469,December
1,0,RES8 Willard Bay.Evaporation,01-31-2470 23:59:00,0,2470,January
1,0,RES8 Willard Bay.Evaporation,02-28-2470 23:59:00,0,2470,February
1,0,RES8 Willard Bay.Evaporation,03-31-2470 23:59:00,184.198,2470,March
1,0,RES8 Willard Bay.Evaporation,04-30-2470 23:59:00,1432.41,2470,April
1,0,RES8 Willard Bay.Evaporation,05-31-2470 23:59:00,3233.63,2470,May
1,0,RES8 Willard Bay.Evaporation,06-30-2470 23:59:00,5419.41,2470,June
1,0,RES8 Willard Bay.Evaporation,07-31-2470 23:59:00,7951.97,2470,July
1,0,RES8 Willard Bay.Evaporation,08-31-2470 23:59:00,6831.55,2470,August
1,0,RES8 Willard Bay.Evaporation,09-30-2470 23:59:00,3920.04,2470,September
1,0,RES8 Willard Bay.Evaporation,10-31-2470 23:59:00,1672.76,2470,October
1,0,RES8 Willard Bay.Evaporation,11-30-2470 23:59:00,0,2470,November
1,0,RES8 Willard Bay.Evaporation,12-31-2470 23:59:00,0,2470,December
1,0,RES8 Willard Bay.Evaporation,01-31-2471 23:59:00,0,2471,January
1,0,RES8 Willard Bay.Evaporation,02-28-2471 23:59:00,0,2471,February
1,0,RES8 Willard Bay.Evaporation,03-31-2471 23:59:00,192.263,2471,March
1,0,RES8 Willard Bay.Evaporation,04-30-2471 23:59:00,1466.23,2471,April
1,0,RES8 Willard Bay.Evaporation,05-31-2471 23:59:00,3254.76,2471,May
1,0,RES8 Willard Bay.Evaporation,06-30-2471 23:59:00,5426.87,2471,June
1,0,RES8 Willard Bay.Evaporation,07-31-2471 23:59:00,7985.36,2471,July
1,0,RES8 Willard Bay.Evaporation,08-31-2471 23:59:00,6879.29,2471,August
1,0,RES8 Willard Bay.Evaporation,09-30-2471 23:59:00,4003.48,2471,September
1,0,RES8 Willard Bay.Evaporation,10-31-2471 23:59:00,1748.1,2471,October
1,0,RES8 Willard Bay.Evaporation,11-30-2471 23:59:00,0,2471,November
1,0,RES8 Willard Bay.Evaporation,12-31-2471 23:59:00,0,2471,December
1,0,RES8 Willard Bay.Evaporation,01-31-2472 23:59:00,0,2472,January
1,0,RES8 Willard Bay.Evaporation,02-29-2472 23:59:00,0,2472,February
1,0,RES8 Willard Bay.Evaporation,03-31-2472 23:59:00,197.34,2472,March
1,0,RES8 Willard Bay.Evaporation,04-30-2472 23:59:00,1480.05,2472,April
1,0,RES8 Willard Bay.Evaporation,05-31-2472 23:59:00,3256.11,2472,May
1,0,RES8 Willard Bay.Evaporation,06-30-2472 23:59:00,5426.87,2472,June
1,0,RES8 Willard Bay.Evaporation,07-31-2472 23:59:00,7976.29,2472,July
1,0,RES8 Willard Bay.Evaporation,08-31-2472 23:59:00,6865.46,2472,August
1,0,RES8 Willard Bay.Evaporation,09-30-2472 23:59:00,3989.53,2472,September
1,0,RES8 Willard Bay.Evaporation,10-31-2472 23:59:00,1740.36,2472,October
1,0,RES8 Willard Bay.Evaporation,11-30-2472 23:59:00,0,2472,November
1,0,RES8 Willard Bay.Evaporation,12-31-2472 23:59:00,0,2472,December
1,0,RES8 Willard Bay.Evaporation,01-31-2473 23:59:00,0,2473,January
1,0,RES8 Willard Bay.Evaporation,02-28-2473 23:59:00,0,2473,February
1,0,RES8 Willard Bay.Evaporation,03-31-2473 23:59:00,197.34,2473,March
1,0,RES8 Willard Bay.Evaporation,04-30-2473 23:59:00,1480.05,2473,April
1,0,RES8 Willard Bay.Evaporation,05-31-2473 23:59:00,3256.11,2473,May
1,0,RES8 Willard Bay.Evaporation,06-30-2473 23:59:00,5426.87,2473,June
1,0,RES8 Willard Bay.Evaporation,07-31-2473 23:59:00,7976.29,2473,July
1,0,RES8 Willard Bay.Evaporation,08-31-2473 23:59:00,6863.2,2473,August
1,0,RES8 Willard Bay.Evaporation,09-30-2473 23:59:00,3985.65,2473,September
1,0,RES8 Willard Bay.Evaporation,10-31-2473 23:59:00,1734.84,2473,October
1,0,RES8 Willard Bay.Evaporation,11-30-2473 23:59:00,0,2473,November
1,0,RES8 Willard Bay.Evaporation,12-31-2473 23:59:00,0,2473,December
1,0,RES8 Willard Bay.Evaporation,01-31-2474 23:59:00,0,2474,January
1,0,RES8 Willard Bay.Evaporation,02-28-2474 23:59:00,0,2474,February
1,0,RES8 Willard Bay.Evaporation,03-31-2474 23:59:00,197.34,2474,March
1,0,RES8 Willard Bay.Evaporation,04-30-2474 23:59:00,1480.05,2474,April
1,0,RES8 Willard Bay.Evaporation,05-31-2474 23:59:00,3256.11,2474,May
1,0,RES8 Willard Bay.Evaporation,06-30-2474 23:59:00,5426.87,2474,June
1,0,RES8 Willard Bay.Evaporation,07-31-2474 23:59:00,7978.26,2474,July
1,0,RES8 Willard Bay.Evaporation,08-31-2474 23:59:00,6868.62,2474,August
1,0,RES8 Willard Bay.Evaporation,09-30-2474 23:59:00,4000.07,2474,September
1,0,RES8 Willard Bay.Evaporation,10-31-2474 23:59:00,1742.2,2474,October
1,0,RES8 Willard Bay.Evaporation,11-30-2474 23:59:00,0,2474,November
1,0,RES8 Willard Bay.Evaporation,12-31-2474 23:59:00,0,2474,December
1,0,RES8 Willard Bay.Evaporation,01-31-2475 23:59:00,0,2475,January
1,0,RES8 Willard Bay.Evaporation,02-28-2475 23:59:00,0,2475,February
1,0,RES8 Willard Bay.Evaporation,03-31-2475 23:59:00,197.086,2475,March
1,0,RES8 Willard Bay.Evaporation,04-30-2475 23:59:00,1480.05,2475,April
1,0,RES8 Willard Bay.Evaporation,05-31-2475 23:59:00,3256.11,2475,May
1,0,RES8 Willard Bay.Evaporation,06-30-2475 23:59:00,5426.86,2475,June
1,0,RES8 Willard Bay.Evaporation,07-31-2475 23:59:00,7976.29,2475,July
1,0,RES8 Willard Bay.Evaporation,08-31-2475 23:59:00,6865.03,2475,August
1,0,RES8 Willard Bay.Evaporation,09-30-2475 23:59:00,3988.63,2475,September
1,0,RES8 Willard Bay.Evaporation,10-31-2475 23:59:00,1737.3,2475,October
1,0,RES8 Willard Bay.Evaporation,11-30-2475 23:59:00,0,2475,November
1,0,RES8 Willard Bay.Evaporation,12-31-2475 23:59:00,0,2475,December
1,0,RES8 Willard Bay.Evaporation,01-31-2476 23:59:00,0,2476,January
1,0,RES8 Willard Bay.Evaporation,02-29-2476 23:59:00,0,2476,February
1,0,RES8 Willard Bay.Evaporation,03-31-2476 23:59:00,197.34,2476,March
1,0,RES8 Willard Bay.Evaporation,04-30-2476 23:59:00,1480.05,2476,April
1,0,RES8 Willard Bay.Evaporation,05-31-2476 23:59:00,3256.11,2476,May
1,0,RES8 Willard Bay.Evaporation,06-30-2476 23:59:00,5426.86,2476,June
1,0,RES8 Willard Bay.Evaporation,07-31-2476 23:59:00,7976.28,2476,July
1,0,RES8 Willard Bay.Evaporation,08-31-2476 23:59:00,6858.34,2476,August
1,0,RES8 Willard Bay.Evaporation,09-30-2476 23:59:00,3968.32,2476,September
1,0,RES8 Willard Bay.Evaporation,10-31-2476 23:59:00,1718.14,2476,October
1,0,RES8 Willard Bay.Evaporation,11-30-2476 23:59:00,0,2476,November
1,0,RES8 Willard Bay.Evaporation,12-31-2476 23:59:00,0,2476,December
1,0,RES8 Willard Bay.Evaporation,01-31-2477 23:59:00,0,2477,January
1,0,RES8 Willard Bay.Evaporation,02-28-2477 23:59:00,0,2477,February
1,0,RES8 Willard Bay.Evaporation,03-31-2477 23:59:00,196.301,2477,March
1,0,RES8 Willard Bay.Evaporation,04-30-2477 23:59:00,1480.05,2477,April
1,0,RES8 Willard Bay.Evaporation,05-31-2477 23:59:00,3256.11,2477,May
1,0,RES8 Willard Bay.Evaporation,06-30-2477 23:59:00,5426.87,2477,June
1,0,RES8 Willard Bay.Evaporation,07-31-2477 23:59:00,7992.29,2477,July
1,0,RES8 Willard Bay.Evaporation,08-31-2477 23:59:00,6894.52,2477,August
1,0,RES8 Willard Bay.Evaporation,09-30-2477 23:59:00,4021.18,2477,September
1,0,RES8 Willard Bay.Evaporation,10-31-2477 23:59:00,1764.76,2477,October
1,0,RES8 Willard Bay.Evaporation,11-30-2477 23:59:00,0,2477,November
1,0,RES8 Willard Bay.Evaporation,12-31-2477 23:59:00,0,2477,December
1,0,RES8 Willard Bay.Evaporation,01-31-2478 23:59:00,0,2478,January
1,0,RES8 Willard Bay.Evaporation,02-28-2478 23:59:00,0,2478,February
1,0,RES8 Willard Bay.Evaporation,03-31-2478 23:59:00,197.34,2478,March
1,0,RES8 Willard Bay.Evaporation,04-30-2478 23:59:00,1480.05,2478,April
1,0,RES8 Willard Bay.Evaporation,05-31-2478 23:59:00,3256.11,2478,May
1,0,RES8 Willard Bay.Evaporation,06-30-2478 23:59:00,5426.86,2478,June
1,0,RES8 Willard Bay.Evaporation,07-31-2478 23:59:00,7976.25,2478,July
1,0,RES8 Willard Bay.Evaporation,08-31-2478 23:59:00,6861.35,2478,August
1,0,RES8 Willard Bay.Evaporation,09-30-2478 23:59:00,3964.94,2478,September
1,0,RES8 Willard Bay.Evaporation,10-31-2478 23:59:00,1712.82,2478,October
1,0,RES8 Willard Bay.Evaporation,11-30-2478 23:59:00,0,2478,November
1,0,RES8 Willard Bay.Evaporation,12-31-2478 23:59:00,0,2478,December
1,0,RES8 Willard Bay.Evaporation,01-31-2479 23:59:00,0,2479,January
1,0,RES8 Willard Bay.Evaporation,02-28-2479 23:59:00,0,2479,February
1,0,RES8 Willard Bay.Evaporation,03-31-2479 23:59:00,195.319,2479,March
1,0,RES8 Willard Bay.Evaporation,04-30-2479 23:59:00,1475.59,2479,April
1,0,RES8 Willard Bay.Evaporation,05-31-2479 23:59:00,3256.11,2479,May
1,0,RES8 Willard Bay.Evaporation,06-30-2479 23:59:00,5426.87,2479,June
1,0,RES8 Willard Bay.Evaporation,07-31-2479 23:59:00,7976.29,2479,July
1,0,RES8 Willard Bay.Evaporation,08-31-2479 23:59:00,6865.6,2479,August
1,0,RES8 Willard Bay.Evaporation,09-30-2479 23:59:00,3991.7,2479,September
1,0,RES8 Willard Bay.Evaporation,10-31-2479 23:59:00,1742.51,2479,October
1,0,RES8 Willard Bay.Evaporation,11-30-2479 23:59:00,0,2479,November
1,0,RES8 Willard Bay.Evaporation,12-31-2479 23:59:00,0,2479,December
1,0,RES8 Willard Bay.Evaporation,01-31-2480 23:59:00,0,2480,January
1,0,RES8 Willard Bay.Evaporation,02-29-2480 23:59:00,0,2480,February
1,0,RES8 Willard Bay.Evaporation,03-31-2480 23:59:00,197.34,2480,March
1,0,RES8 Willard Bay.Evaporation,04-30-2480 23:59:00,1480.05,2480,April
1,0,RES8 Willard Bay.Evaporation,05-31-2480 23:59:00,3256.11,2480,May
1,0,RES8 Willard Bay.Evaporation,06-30-2480 23:59:00,5426.86,2480,June
1,0,RES8 Willard Bay.Evaporation,07-31-2480 23:59:00,7976.28,2480,July
1,0,RES8 Willard Bay.Evaporation,08-31-2480 23:59:00,6862.91,2480,August
1,0,RES8 Willard Bay.Evaporation,09-30-2480 23:59:00,3985.75,2480,September
1,0,RES8 Willard Bay.Evaporation,10-31-2480 23:59:00,1736.12,2480,October
1,0,RES8 Willard Bay.Evaporation,11-30-2480 23:59:00,0,2480,November
1,0,RES8 Willard Bay.Evaporation,12-31-2480 23:59:00,0,2480,December
1,0,RES8 Willard Bay.Evaporation,01-31-2481 23:59:00,0,2481,January
1,0,RES8 Willard Bay.Evaporation,02-28-2481 23:59:00,0,2481,February
1,0,RES8 Willard Bay.Evaporation,03-31-2481 23:59:00,197.318,2481,March
1,0,RES8 Willard Bay.Evaporation,04-30-2481 23:59:00,1480.05,2481,April
1,0,RES8 Willard Bay.Evaporation,05-31-2481 23:59:00,3256.11,2481,May
1,0,RES8 Willard Bay.Evaporation,06-30-2481 23:59:00,5426.87,2481,June
1,0,RES8 Willard Bay.Evaporation,07-31-2481 23:59:00,7976.29,2481,July
1,0,RES8 Willard Bay.Evaporation,08-31-2481 23:59:00,6865.6,2481,August
1,0,RES8 Willard Bay.Evaporation,09-30-2481 23:59:00,3993.62,2481,September
1,0,RES8 Willard Bay.Evaporation,10-31-2481 23:59:00,1742.6,2481,October
1,0,RES8 Willard Bay.Evaporation,11-30-2481 23:59:00,0,2481,November
1,0,RES8 Willard Bay.Evaporation,12-31-2481 23:59:00,0,2481,December
1,0,RES8 Willard Bay.Evaporation,01-31-2482 23:59:00,0,2482,January
1,0,RES8 Willard Bay.Evaporation,02-28-2482 23:59:00,0,2482,February
1,0,RES8 Willard Bay.Evaporation,03-31-2482 23:59:00,197.34,2482,March
1,0,RES8 Willard Bay.Evaporation,04-30-2482 23:59:00,1480.05,2482,April
1,0,RES8 Willard Bay.Evaporation,05-31-2482 23:59:00,3256.11,2482,May
1,0,RES8 Willard Bay.Evaporation,06-30-2482 23:59:00,5426.87,2482,June
1,0,RES8 Willard Bay.Evaporation,07-31-2482 23:59:00,7976.29,2482,July
1,0,RES8 Willard Bay.Evaporation,08-31-2482 23:59:00,6862.38,2482,August
1,0,RES8 Willard Bay.Evaporation,09-30-2482 23:59:00,3984.05,2482,September
1,0,RES8 Willard Bay.Evaporation,10-31-2482 23:59:00,1733.97,2482,October
1,0,RES8 Willard Bay.Evaporation,11-30-2482 23:59:00,0,2482,November
1,0,RES8 Willard Bay.Evaporation,12-31-2482 23:59:00,0,2482,December
1,0,RES8 Willard Bay.Evaporation,01-31-2483 23:59:00,0,2483,January
1,0,RES8 Willard Bay.Evaporation,02-28-2483 23:59:00,0,2483,February
1,0,RES8 Willard Bay.Evaporation,03-31-2483 23:59:00,197.219,2483,March
1,0,RES8 Willard Bay.Evaporation,04-30-2483 23:59:00,1480.05,2483,April
1,0,RES8 Willard Bay.Evaporation,05-31-2483 23:59:00,3256.11,2483,May
1,0,RES8 Willard Bay.Evaporation,06-30-2483 23:59:00,5426.86,2483,June
1,0,RES8 Willard Bay.Evaporation,07-31-2483 23:59:00,7976.26,2483,July
1,0,RES8 Willard Bay.Evaporation,08-31-2483 23:59:00,6845.24,2483,August
1,0,RES8 Willard Bay.Evaporation,09-30-2483 23:59:00,3942.1,2483,September
1,0,RES8 Willard Bay.Evaporation,10-31-2483 23:59:00,1696.01,2483,October
1,0,RES8 Willard Bay.Evaporation,11-30-2483 23:59:00,0,2483,November
1,0,RES8 Willard Bay.Evaporation,12-31-2483 23:59:00,0,2483,December
1,0,RES8 Willard Bay.Evaporation,01-31-2484 23:59:00,0,2484,January
1,0,RES8 Willard Bay.Evaporation,02-29-2484 23:59:00,0,2484,February
1,0,RES8 Willard Bay.Evaporation,03-31-2484 23:59:00,192.877,2484,March
1,0,RES8 Willard Bay.Evaporation,04-30-2484 23:59:00,1470.02,2484,April
1,0,RES8 Willard Bay.Evaporation,05-31-2484 23:59:00,3256.11,2484,May
1,0,RES8 Willard Bay.Evaporation,06-30-2484 23:59:00,5416.53,2484,June
1,0,RES8 Willard Bay.Evaporation,07-31-2484 23:59:00,7944.38,2484,July
1,0,RES8 Willard Bay.Evaporation,08-31-2484 23:59:00,6794.73,2484,August
1,0,RES8 Willard Bay.Evaporation,09-30-2484 23:59:00,3850.86,2484,September
1,0,RES8 Willard Bay.Evaporation,10-31-2484 23:59:00,1613.34,2484,October
1,0,RES8 Willard Bay.Evaporation,11-30-2484 23:59:00,0,2484,November
1,0,RES8 Willard Bay.Evaporation,12-31-2484 23:59:00,0,2484,December
1,0,RES8 Willard Bay.Evaporation,01-31-2485 23:59:00,0,2485,January
1,0,RES8 Willard Bay.Evaporation,02-28-2485 23:59:00,0,2485,February
1,0,RES8 Willard Bay.Evaporation,03-31-2485 23:59:00,188.008,2485,March
1,0,RES8 Willard Bay.Evaporation,04-30-2485 23:59:00,1445.09,2485,April
1,0,RES8 Willard Bay.Evaporation,05-31-2485 23:59:00,3230.45,2485,May
1,0,RES8 Willard Bay.Evaporation,06-30-2485 23:59:00,5384.68,2485,June
1,0,RES8 Willard Bay.Evaporation,07-31-2485 23:59:00,7886.8,2485,July
1,0,RES8 Willard Bay.Evaporation,08-31-2485 23:59:00,6691.41,2485,August
1,0,RES8 Willard Bay.Evaporation,09-30-2485 23:59:00,3669.23,2485,September
1,0,RES8 Willard Bay.Evaporation,10-31-2485 23:59:00,1488.79,2485,October
1,0,RES8 Willard Bay.Evaporation,11-30-2485 23:59:00,0,2485,November
1,0,RES8 Willard Bay.Evaporation,12-31-2485 23:59:00,0,2485,December
1,0,RES8 Willard Bay.Evaporation,01-31-2486 23:59:00,0,2486,January
1,0,RES8 Willard Bay.Evaporation,02-28-2486 23:59:00,0,2486,February
1,0,RES8 Willard Bay.Evaporation,03-31-2486 23:59:00,185.334,2486,March
1,0,RES8 Willard Bay.Evaporation,04-30-2486 23:59:00,1440.62,2486,April
1,0,RES8 Willard Bay.Evaporation,05-31-2486 23:59:00,3239.42,2486,May
1,0,RES8 Willard Bay.Evaporation,06-30-2486 23:59:00,5419.09,2486,June
1,0,RES8 Willard Bay.Evaporation,07-31-2486 23:59:00,7975.38,2486,July
1,0,RES8 Willard Bay.Evaporation,08-31-2486 23:59:00,6842.43,2486,August
1,0,RES8 Willard Bay.Evaporation,09-30-2486 23:59:00,3938.06,2486,September
1,0,RES8 Willard Bay.Evaporation,10-31-2486 23:59:00,1693.02,2486,October
1,0,RES8 Willard Bay.Evaporation,11-30-2486 23:59:00,0,2486,November
1,0,RES8 Willard Bay.Evaporation,12-31-2486 23:59:00,0,2486,December
1,0,RES8 Willard Bay.Evaporation,01-31-2487 23:59:00,0,2487,January
1,0,RES8 Willard Bay.Evaporation,02-28-2487 23:59:00,0,2487,February
1,0,RES8 Willard Bay.Evaporation,03-31-2487 23:59:00,193.496,2487,March
1,0,RES8 Willard Bay.Evaporation,04-30-2487 23:59:00,1472.83,2487,April
1,0,RES8 Willard Bay.Evaporation,05-31-2487 23:59:00,3256.11,2487,May
1,0,RES8 Willard Bay.Evaporation,06-30-2487 23:59:00,5426.87,2487,June
1,0,RES8 Willard Bay.Evaporation,07-31-2487 23:59:00,7981.2,2487,July
1,0,RES8 Willard Bay.Evaporation,08-31-2487 23:59:00,6872.16,2487,August
1,0,RES8 Willard Bay.Evaporation,09-30-2487 23:59:00,3994.4,2487,September
1,0,RES8 Willard Bay.Evaporation,10-31-2487 23:59:00,1738.82,2487,October
1,0,RES8 Willard Bay.Evaporation,11-30-2487 23:59:00,0,2487,November
1,0,RES8 Willard Bay.Evaporation,12-31-2487 23:59:00,0,2487,December
1,0,RES8 Willard Bay.Evaporation,01-31-2488 23:59:00,0,2488,January
1,0,RES8 Willard Bay.Evaporation,02-29-2488 23:59:00,0,2488,February
1,0,RES8 Willard Bay.Evaporation,03-31-2488 23:59:00,197.34,2488,March
1,0,RES8 Willard Bay.Evaporation,04-30-2488 23:59:00,1480.05,2488,April
1,0,RES8 Willard Bay.Evaporation,05-31-2488 23:59:00,3256.11,2488,May
1,0,RES8 Willard Bay.Evaporation,06-30-2488 23:59:00,5424.67,2488,June
1,0,RES8 Willard Bay.Evaporation,07-31-2488 23:59:00,7968.18,2488,July
1,0,RES8 Willard Bay.Evaporation,08-31-2488 23:59:00,6834.68,2488,August
1,0,RES8 Willard Bay.Evaporation,09-30-2488 23:59:00,3909.47,2488,September
1,0,RES8 Willard Bay.Evaporation,10-31-2488 23:59:00,1665.44,2488,October
1,0,RES8 Willard Bay.Evaporation,11-30-2488 23:59:00,0,2488,November
1,0,RES8 Willard Bay.Evaporation,12-31-2488 23:59:00,0,2488,December
1,0,RES8 Willard Bay.Evaporation,01-31-2489 23:59:00,0,2489,January
1,0,RES8 Willard Bay.Evaporation,02-28-2489 23:59:00,0,2489,February
1,0,RES8 Willard Bay.Evaporation,03-31-2489 23:59:00,190.708,2489,March
1,0,RES8 Willard Bay.Evaporation,04-30-2489 23:59:00,1459.47,2489,April
1,0,RES8 Willard Bay.Evaporation,05-31-2489 23:59:00,3245.84,2489,May
1,0,RES8 Willard Bay.Evaporation,06-30-2489 23:59:00,5380.63,2489,June
1,0,RES8 Willard Bay.Evaporation,07-31-2489 23:59:00,7795.49,2489,July
1,0,RES8 Willard Bay.Evaporation,08-31-2489 23:59:00,6149.27,2489,August
1,0,RES8 Willard Bay.Evaporation,09-30-2489 23:59:00,3201.97,2489,September
1,0,RES8 Willard Bay.Storage,11-30-2459 23:59:00,141408,2459,November
1,0,RES8 Willard Bay.Storage,12-31-2459 23:59:00,150948,2459,December
1,0,RES8 Willard Bay.Storage,01-31-2460 23:59:00,159111,2460,January
1,0,RES8 Willard Bay.Storage,02-29-2460 23:59:00,159111,2460,February
1,0,RES8 Willard Bay.Storage,03-31-2460 23:59:00,159112,2460,March
1,0,RES8 Willard Bay.Storage,04-30-2460 23:59:00,159118,2460,April
1,0,RES8 Willard Bay.Storage,05-31-2460 23:59:00,159124,2460,May
1,0,RES8 Willard Bay.Storage,06-30-2460 23:59:00,159125,2460,June
1,0,RES8 Willard Bay.Storage,07-31-2460 23:59:00,141710,2460,July
1,0,RES8 Willard Bay.Storage,08-31-2460 23:59:00,118294,2460,August
1,0,RES8 Willard Bay.Storage,09-30-2460 23:59:00,87893.3,2460,September
1,0,RES8 Willard Bay.Storage,10-31-2460 23:59:00,73703.1,2460,October
1,0,RES8 Willard Bay.Storage,11-30-2460 23:59:00,71735.5,2460,November
1,0,RES8 Willard Bay.Storage,12-31-2460 23:59:00,77258.8,2460,December
1,0,RES8 Willard Bay.Storage,01-31-2461 23:59:00,88020,2461,January
1,0,RES8 Willard Bay.Storage,02-28-2461 23:59:00,97268.9,2461,February
1,0,RES8 Willard Bay.Storage,03-31-2461 23:59:00,119997,2461,March
1,0,RES8 Willard Bay.Storage,04-30-2461 23:59:00,159114,2461,April
1,0,RES8 Willard Bay.Storage,05-31-2461 23:59:00,141443,2461,May
1,0,RES8 Willard Bay.Storage,06-30-2461 23:59:00,109254,2461,June
1,0,RES8 Willard Bay.Storage,07-31-2461 23:59:00,77519.1,2461,July
1,0,RES8 Willard Bay.Storage,08-31-2461 23:59:00,25029,2461,August
1,0,RES8 Willard Bay.Storage,09-30-2461 23:59:00,21827,2461,September
1,0,RES8 Willard Bay.Storage,10-31-2461 23:59:00,20491.2,2461,October
1,0,RES8 Willard Bay.Storage,11-30-2461 23:59:00,20765.8,2461,November
1,0,RES8 Willard Bay.Storage,12-31-2461 23:59:00,27079.2,2461,December
1,0,RES8 Willard Bay.Storage,01-31-2462 23:59:00,35277.8,2462,January
1,0,RES8 Willard Bay.Storage,02-28-2462 23:59:00,43359.1,2462,February
1,0,RES8 Willard Bay.Storage,03-31-2462 23:59:00,59316.3,2462,March
1,0,RES8 Willard Bay.Storage,04-30-2462 23:59:00,94967,2462,April
1,0,RES8 Willard Bay.Storage,05-31-2462 23:59:00,81743.7,2462,May
1,0,RES8 Willard Bay.Storage,06-30-2462 23:59:00,95459.4,2462,June
1,0,RES8 Willard Bay.Storage,07-31-2462 23:59:00,77093.6,2462,July
1,0,RES8 Willard Bay.Storage,08-31-2462 23:59:00,43956.2,2462,August
1,0,RES8 Willard Bay.Storage,09-30-2462 23:59:00,25029,2462,September
1,0,RES8 Willard Bay.Storage,10-31-2462 23:59:00,24248.1,2462,October
1,0,RES8 Willard Bay.Storage,11-30-2462 23:59:00,24543.9,2462,November
1,0,RES8 Willard Bay.Storage,12-31-2462 23:59:00,31097.9,2462,December
1,0,RES8 Willard Bay.Storage,01-31-2463 23:59:00,40946.1,2463,January
1,0,RES8 Willard Bay.Storage,02-28-2463 23:59:00,50763,2463,February
1,0,RES8 Willard Bay.Storage,03-31-2463 23:59:00,67719.3,2463,March
1,0,RES8 Willard Bay.Storage,04-30-2463 23:59:00,97015.1,2463,April
1,0,RES8 Willard Bay.Storage,05-31-2463 23:59:00,99520.8,2463,May
1,0,RES8 Willard Bay.Storage,06-30-2463 23:59:00,98648.7,2463,June
1,0,RES8 Willard Bay.Storage,07-31-2463 23:59:00,77446,2463,July
1,0,RES8 Willard Bay.Storage,08-31-2463 23:59:00,44228.5,2463,August
1,0,RES8 Willard Bay.Storage,09-30-2463 23:59:00,25029,2463,September
1,0,RES8 Willard Bay.Storage,10-31-2463 23:59:00,23885.1,2463,October
1,0,RES8 Willard Bay.Storage,11-30-2463 23:59:00,24126.9,2463,November
1,0,RES8 Willard Bay.Storage,12-31-2463 23:59:00,30528.2,2463,December
1,0,RES8 Willard Bay.Storage,01-31-2464 23:59:00,37700.8,2464,January
1,0,RES8 Willard Bay.Storage,02-29-2464 23:59:00,44329.3,2464,February
1,0,RES8 Willard Bay.Storage,03-31-2464 23:59:00,59583.7,2464,March
1,0,RES8 Willard Bay.Storage,04-30-2464 23:59:00,91536.1,2464,April
1,0,RES8 Willard Bay.Storage,05-31-2464 23:59:00,73968.8,2464,May
1,0,RES8 Willard Bay.Storage,06-30-2464 23:59:00,45746.2,2464,June
1,0,RES8 Willard Bay.Storage,07-31-2464 23:59:00,25029,2464,July
1,0,RES8 Willard Bay.Storage,08-31-2464 23:59:00,19713.5,2464,August
1,0,RES8 Willard Bay.Storage,09-30-2464 23:59:00,16909.6,2464,September
1,0,RES8 Willard Bay.Storage,10-31-2464 23:59:00,15738.6,2464,October
1,0,RES8 Willard Bay.Storage,11-30-2464 23:59:00,15958.3,2464,November
1,0,RES8 Willard Bay.Storage,12-31-2464 23:59:00,22251.3,2464,December
1,0,RES8 Willard Bay.Storage,01-31-2465 23:59:00,30211.3,2465,January
1,0,RES8 Willard Bay.Storage,02-28-2465 23:59:00,37178,2465,February
1,0,RES8 Willard Bay.Storage,03-31-2465 23:59:00,52810.5,2465,March
1,0,RES8 Willard Bay.Storage,04-30-2465 23:59:00,82516.3,2465,April
1,0,RES8 Willard Bay.Storage,05-31-2465 23:59:00,64979.3,2465,May
1,0,RES8 Willard Bay.Storage,06-30-2465 23:59:00,87552.7,2465,June
1,0,RES8 Willard Bay.Storage,07-31-2465 23:59:00,67995.1,2465,July
1,0,RES8 Willard Bay.Storage,08-31-2465 23:59:00,34461.3,2465,August
1,0,RES8 Willard Bay.Storage,09-30-2465 23:59:00,25029,2465,September
1,0,RES8 Willard Bay.Storage,10-31-2465 23:59:00,24188.1,2465,October
1,0,RES8 Willard Bay.Storage,11-30-2465 23:59:00,24493.8,2465,November
1,0,RES8 Willard Bay.Storage,12-31-2465 23:59:00,31005.4,2465,December
1,0,RES8 Willard Bay.Storage,01-31-2466 23:59:00,39607,2466,January
1,0,RES8 Willard Bay.Storage,02-28-2466 23:59:00,47072.6,2466,February
1,0,RES8 Willard Bay.Storage,03-31-2466 23:59:00,65048,2466,March
1,0,RES8 Willard Bay.Storage,04-30-2466 23:59:00,95620.3,2466,April
1,0,RES8 Willard Bay.Storage,05-31-2466 23:59:00,152664,2466,May
1,0,RES8 Willard Bay.Storage,06-30-2466 23:59:00,153863,2466,June
1,0,RES8 Willard Bay.Storage,07-31-2466 23:59:00,136459,2466,July
1,0,RES8 Willard Bay.Storage,08-31-2466 23:59:00,108751,2466,August
1,0,RES8 Willard Bay.Storage,09-30-2466 23:59:00,70654.2,2466,September
1,0,RES8 Willard Bay.Storage,10-31-2466 23:59:00,56708.3,2466,October
1,0,RES8 Willard Bay.Storage,11-30-2466 23:59:00,54905,2466,November
1,0,RES8 Willard Bay.Storage,12-31-2466 23:59:00,60365.6,2466,December
1,0,RES8 Willard Bay.Storage,01-31-2467 23:59:00,69569.9,2467,January
1,0,RES8 Willard Bay.Storage,02-28-2467 23:59:00,78685.1,2467,February
1,0,RES8 Willard Bay.Storage,03-31-2467 23:59:00,96481.2,2467,March
1,0,RES8 Willard Bay.Storage,04-30-2467 23:59:00,153389,2467,April
1,0,RES8 Willard Bay.Storage,05-31-2467 23:59:00,159124,2467,May
1,0,RES8 Willard Bay.Storage,06-30-2467 23:59:00,159125,2467,June
1,0,RES8 Willard Bay.Storage,07-31-2467 23:59:00,141711,2467,July
1,0,RES8 Willard Bay.Storage,08-31-2467 23:59:00,114829,2467,August
1,0,RES8 Willard Bay.Storage,09-30-2467 23:59:00,88131.8,2467,September
1,0,RES8 Willard Bay.Storage,10-31-2467 23:59:00,85214.4,2467,October
1,0,RES8 Willard Bay.Storage,11-30-2467 23:59:00,87270,2467,November
1,0,RES8 Willard Bay.Storage,12-31-2467 23:59:00,100965,2467,December
1,0,RES8 Willard Bay.Storage,01-31-2468 23:59:00,126848,2468,January
1,0,RES8 Willard Bay.Storage,02-29-2468 23:59:00,154400,2468,February
1,0,RES8 Willard Bay.Storage,03-31-2468 23:59:00,159112,2468,March
1,0,RES8 Willard Bay.Storage,04-30-2468 23:59:00,159118,2468,April
1,0,RES8 Willard Bay.Storage,05-31-2468 23:59:00,159125,2468,May
1,0,RES8 Willard Bay.Storage,06-30-2468 23:59:00,159129,2468,June
1,0,RES8 Willard Bay.Storage,07-31-2468 23:59:00,141715,2468,July
1,0,RES8 Willard Bay.Storage,08-31-2468 23:59:00,115162,2468,August
1,0,RES8 Willard Bay.Storage,09-30-2468 23:59:00,89194.8,2468,September
1,0,RES8 Willard Bay.Storage,10-31-2468 23:59:00,79866.9,2468,October
1,0,RES8 Willard Bay.Storage,11-30-2468 23:59:00,78655.6,2468,November
1,0,RES8 Willard Bay.Storage,12-31-2468 23:59:00,85932.7,2468,December
1,0,RES8 Willard Bay.Storage,01-31-2469 23:59:00,105910,2469,January
1,0,RES8 Willard Bay.Storage,02-28-2469 23:59:00,124561,2469,February
1,0,RES8 Willard Bay.Storage,03-31-2469 23:59:00,158758,2469,March
1,0,RES8 Willard Bay.Storage,04-30-2469 23:59:00,159118,2469,April
1,0,RES8 Willard Bay.Storage,05-31-2469 23:59:00,159119,2469,May
1,0,RES8 Willard Bay.Storage,06-30-2469 23:59:00,142811,2469,June
1,0,RES8 Willard Bay.Storage,07-31-2469 23:59:00,114672,2469,July
1,0,RES8 Willard Bay.Storage,08-31-2469 23:59:00,66717.8,2469,August
1,0,RES8 Willard Bay.Storage,09-30-2469 23:59:00,26998.2,2469,September
1,0,RES8 Willard Bay.Storage,10-31-2469 23:59:00,25472.8,2469,October
1,0,RES8 Willard Bay.Storage,11-30-2469 23:59:00,25402.7,2469,November
1,0,RES8 Willard Bay.Storage,12-31-2469 23:59:00,31352.9,2469,December
1,0,RES8 Willard Bay.Storage,01-31-2470 23:59:00,40499,2470,January
1,0,RES8 Willard Bay.Storage,02-28-2470 23:59:00,48857.2,2470,February
1,0,RES8 Willard Bay.Storage,03-31-2470 23:59:00,66677.6,2470,March
1,0,RES8 Willard Bay.Storage,04-30-2470 23:59:00,109286,2470,April
1,0,RES8 Willard Bay.Storage,05-31-2470 23:59:00,159114,2470,May
1,0,RES8 Willard Bay.Storage,06-30-2470 23:59:00,145796,2470,June
1,0,RES8 Willard Bay.Storage,07-31-2470 23:59:00,128406,2470,July
1,0,RES8 Willard Bay.Storage,08-31-2470 23:59:00,107685,2470,August
1,0,RES8 Willard Bay.Storage,09-30-2470 23:59:00,69133.5,2470,September
1,0,RES8 Willard Bay.Storage,10-31-2470 23:59:00,55100.6,2470,October
1,0,RES8 Willard Bay.Storage,11-30-2470 23:59:00,53281.6,2470,November
1,0,RES8 Willard Bay.Storage,12-31-2470 23:59:00,58761,2470,December
1,0,RES8 Willard Bay.Storage,01-31-2471 23:59:00,70820.9,2471,January
1,0,RES8 Willard Bay.Storage,02-28-2471 23:59:00,82626,2471,February
1,0,RES8 Willard Bay.Storage,03-31-2471 23:59:00,101976,2471,March
1,0,RES8 Willard Bay.Storage,04-30-2471 23:59:00,155081,2471,April
1,0,RES8 Willard Bay.Storage,05-31-2471 23:59:00,159125,2471,May
1,0,RES8 Willard Bay.Storage,06-30-2471 23:59:00,159133,2471,June
1,0,RES8 Willard Bay.Storage,07-31-2471 23:59:00,150681,2471,July
1,0,RES8 Willard Bay.Storage,08-31-2471 23:59:00,133652,2471,August
1,0,RES8 Willard Bay.Storage,09-30-2471 23:59:00,107624,2471,September
1,0,RES8 Willard Bay.Storage,10-31-2471 23:59:00,103353,2471,October
1,0,RES8 Willard Bay.Storage,11-30-2471 23:59:00,113074,2471,November
1,0,RES8 Willard Bay.Storage,12-31-2471 23:59:00,132778,2471,December
1,0,RES8 Willard Bay.Storage,01-31-2472 23:59:00,159111,2472,January
1,0,RES8 Willard Bay.Storage,02-29-2472 23:59:00,159111,2472,February
1,0,RES8 Willard Bay.Storage,03-31-2472 23:59:00,159112,2472,March
1,0,RES8 Willard Bay.Storage,04-30-2472 23:59:00,159118,2472,April
1,0,RES8 Willard Bay.Storage,05-31-2472 23:59:00,159125,2472,May
1,0,RES8 Willard Bay.Storage,06-30-2472 23:59:00,159133,2472,June
1,0,RES8 Willard Bay.Storage,07-31-2472 23:59:00,141719,2472,July
1,0,RES8 Willard Bay.Storage,08-31-2472 23:59:00,125563,2472,August
1,0,RES8 Willard Bay.Storage,09-30-2472 23:59:00,99079.1,2472,September
1,0,RES8 Willard Bay.Storage,10-31-2472 23:59:00,97687.9,2472,October
1,0,RES8 Willard Bay.Storage,11-30-2472 23:59:00,101274,2472,November
1,0,RES8 Willard Bay.Storage,12-31-2472 23:59:00,119932,2472,December
1,0,RES8 Willard Bay.Storage,01-31-2473 23:59:00,145336,2473,January
1,0,RES8 Willard Bay.Storage,02-28-2473 23:59:00,159111,2473,February
1,0,RES8 Willard Bay.Storage,03-31-2473 23:59:00,159112,2473,March
1,0,RES8 Willard Bay.Storage,04-30-2473 23:59:00,159118,2473,April
1,0,RES8 Willard Bay.Storage,05-31-2473 23:59:00,159125,2473,May
1,0,RES8 Willard Bay.Storage,06-30-2473 23:59:00,159133,2473,June
1,0,RES8 Willard Bay.Storage,07-31-2473 23:59:00,141719,2473,July
1,0,RES8 Willard Bay.Storage,08-31-2473 23:59:00,123460,2473,August
1,0,RES8 Willard Bay.Storage,09-30-2473 23:59:00,97071.9,2473,September
1,0,RES8 Willard Bay.Storage,10-31-2473 23:59:00,91617.8,2473,October
1,0,RES8 Willard Bay.Storage,11-30-2473 23:59:00,92111.9,2473,November
1,0,RES8 Willard Bay.Storage,12-31-2473 23:59:00,107962,2473,December
1,0,RES8 Willard Bay.Storage,01-31-2474 23:59:00,134786,2474,January
1,0,RES8 Willard Bay.Storage,02-28-2474 23:59:00,159111,2474,February
1,0,RES8 Willard Bay.Storage,03-31-2474 23:59:00,159112,2474,March
1,0,RES8 Willard Bay.Storage,04-30-2474 23:59:00,159118,2474,April
1,0,RES8 Willard Bay.Storage,05-31-2474 23:59:00,159125,2474,May
1,0,RES8 Willard Bay.Storage,06-30-2474 23:59:00,159133,2474,June
1,0,RES8 Willard Bay.Storage,07-31-2474 23:59:00,143315,2474,July
1,0,RES8 Willard Bay.Storage,08-31-2474 23:59:00,127281,2474,August
1,0,RES8 Willard Bay.Storage,09-30-2474 23:59:00,106746,2474,September
1,0,RES8 Willard Bay.Storage,10-31-2474 23:59:00,94264.6,2474,October
1,0,RES8 Willard Bay.Storage,11-30-2474 23:59:00,92644.4,2474,November
1,0,RES8 Willard Bay.Storage,12-31-2474 23:59:00,102939,2474,December
1,0,RES8 Willard Bay.Storage,01-31-2475 23:59:00,125648,2475,January
1,0,RES8 Willard Bay.Storage,02-28-2475 23:59:00,146624,2475,February
1,0,RES8 Willard Bay.Storage,03-31-2475 23:59:00,159112,2475,March
1,0,RES8 Willard Bay.Storage,04-30-2475 23:59:00,159118,2475,April
1,0,RES8 Willard Bay.Storage,05-31-2475 23:59:00,159121,2475,May
1,0,RES8 Willard Bay.Storage,06-30-2475 23:59:00,159133,2475,June
1,0,RES8 Willard Bay.Storage,07-31-2475 23:59:00,141719,2475,July
1,0,RES8 Willard Bay.Storage,08-31-2475 23:59:00,125161,2475,August
1,0,RES8 Willard Bay.Storage,09-30-2475 23:59:00,98570.8,2475,September
1,0,RES8 Willard Bay.Storage,10-31-2475 23:59:00,93793.9,2475,October
1,0,RES8 Willard Bay.Storage,11-30-2475 23:59:00,94464.1,2475,November
1,0,RES8 Willard Bay.Storage,12-31-2475 23:59:00,109762,2475,December
1,0,RES8 Willard Bay.Storage,01-31-2476 23:59:00,134944,2476,January
1,0,RES8 Willard Bay.Storage,02-29-2476 23:59:00,159111,2476,February
1,0,RES8 Willard Bay.Storage,03-31-2476 23:59:00,159112,2476,March
1,0,RES8 Willard Bay.Storage,04-30-2476 23:59:00,159118,2476,April
1,0,RES8 Willard Bay.Storage,05-31-2476 23:59:00,159125,2476,May
1,0,RES8 Willard Bay.Storage,06-30-2476 23:59:00,159128,2476,June
1,0,RES8 Willard Bay.Storage,07-31-2476 23:59:00,141713,2476,July
1,0,RES8 Willard Bay.Storage,08-31-2476 23:59:00,118942,2476,August
1,0,RES8 Willard Bay.Storage,09-30-2476 23:59:00,88549.8,2476,September
1,0,RES8 Willard Bay.Storage,10-31-2476 23:59:00,78943.9,2476,October
1,0,RES8 Willard Bay.Storage,11-30-2476 23:59:00,77735.5,2476,November
1,0,RES8 Willard Bay.Storage,12-31-2476 23:59:00,83287.4,2476,December
1,0,RES8 Willard Bay.Storage,01-31-2477 23:59:00,97698.2,2477,January
1,0,RES8 Willard Bay.Storage,02-28-2477 23:59:00,117431,2477,February
1,0,RES8 Willard Bay.Storage,03-31-2477 23:59:00,159112,2477,March
1,0,RES8 Willard Bay.Storage,04-30-2477 23:59:00,159118,2477,April
1,0,RES8 Willard Bay.Storage,05-31-2477 23:59:00,159125,2477,May
1,0,RES8 Willard Bay.Storage,06-30-2477 23:59:00,159133,2477,June
1,0,RES8 Willard Bay.Storage,07-31-2477 23:59:00,159126,2477,July
1,0,RES8 Willard Bay.Storage,08-31-2477 23:59:00,143066,2477,August
1,0,RES8 Willard Bay.Storage,09-30-2477 23:59:00,124199,2477,September
1,0,RES8 Willard Bay.Storage,10-31-2477 23:59:00,140750,2477,October
1,0,RES8 Willard Bay.Storage,11-30-2477 23:59:00,159111,2477,November
1,0,RES8 Willard Bay.Storage,12-31-2477 23:59:00,159111,2477,December
1,0,RES8 Willard Bay.Storage,01-31-2478 23:59:00,159111,2478,January
1,0,RES8 Willard Bay.Storage,02-28-2478 23:59:00,159111,2478,February
1,0,RES8 Willard Bay.Storage,03-31-2478 23:59:00,159112,2478,March
1,0,RES8 Willard Bay.Storage,04-30-2478 23:59:00,159118,2478,April
1,0,RES8 Willard Bay.Storage,05-31-2478 23:59:00,159125,2478,May
1,0,RES8 Willard Bay.Storage,06-30-2478 23:59:00,159114,2478,June
1,0,RES8 Willard Bay.Storage,07-31-2478 23:59:00,141700,2478,July
1,0,RES8 Willard Bay.Storage,08-31-2478 23:59:00,121751,2478,August
1,0,RES8 Willard Bay.Storage,09-30-2478 23:59:00,85745.3,2478,September
1,0,RES8 Willard Bay.Storage,10-31-2478 23:59:00,75604.3,2478,October
1,0,RES8 Willard Bay.Storage,11-30-2478 23:59:00,73927.6,2478,November
1,0,RES8 Willard Bay.Storage,12-31-2478 23:59:00,79456.8,2478,December
1,0,RES8 Willard Bay.Storage,01-31-2479 23:59:00,92403,2479,January
1,0,RES8 Willard Bay.Storage,02-28-2479 23:59:00,107724,2479,February
1,0,RES8 Willard Bay.Storage,03-31-2479 23:59:00,134780,2479,March
1,0,RES8 Willard Bay.Storage,04-30-2479 23:59:00,159116,2479,April
1,0,RES8 Willard Bay.Storage,05-31-2479 23:59:00,159125,2479,May
1,0,RES8 Willard Bay.Storage,06-30-2479 23:59:00,159133,2479,June
1,0,RES8 Willard Bay.Storage,07-31-2479 23:59:00,141719,2479,July
1,0,RES8 Willard Bay.Storage,08-31-2479 23:59:00,125687,2479,August
1,0,RES8 Willard Bay.Storage,09-30-2479 23:59:00,100732,2479,September
1,0,RES8 Willard Bay.Storage,10-31-2479 23:59:00,99892.8,2479,October
1,0,RES8 Willard Bay.Storage,11-30-2479 23:59:00,100507,2479,November
1,0,RES8 Willard Bay.Storage,12-31-2479 23:59:00,114159,2479,December
1,0,RES8 Willard Bay.Storage,01-31-2480 23:59:00,142244,2480,January
1,0,RES8 Willard Bay.Storage,02-29-2480 23:59:00,159111,2480,February
1,0,RES8 Willard Bay.Storage,03-31-2480 23:59:00,159112,2480,March
1,0,RES8 Willard Bay.Storage,04-30-2480 23:59:00,159118,2480,April
1,0,RES8 Willard Bay.Storage,05-31-2480 23:59:00,159125,2480,May
1,0,RES8 Willard Bay.Storage,06-30-2480 23:59:00,159131,2480,June
1,0,RES8 Willard Bay.Storage,07-31-2480 23:59:00,141716,2480,July
1,0,RES8 Willard Bay.Storage,08-31-2480 23:59:00,123190,2480,August
1,0,RES8 Willard Bay.Storage,09-30-2480 23:59:00,97280.1,2480,September
1,0,RES8 Willard Bay.Storage,10-31-2480 23:59:00,93178.4,2480,October
1,0,RES8 Willard Bay.Storage,11-30-2480 23:59:00,93298.8,2480,November
1,0,RES8 Willard Bay.Storage,12-31-2480 23:59:00,104014,2480,December
1,0,RES8 Willard Bay.Storage,01-31-2481 23:59:00,129832,2481,January
1,0,RES8 Willard Bay.Storage,02-28-2481 23:59:00,158016,2481,February
1,0,RES8 Willard Bay.Storage,03-31-2481 23:59:00,159112,2481,March
1,0,RES8 Willard Bay.Storage,04-30-2481 23:59:00,159118,2481,April
1,0,RES8 Willard Bay.Storage,05-31-2481 23:59:00,159125,2481,May
1,0,RES8 Willard Bay.Storage,06-30-2481 23:59:00,159133,2481,June
1,0,RES8 Willard Bay.Storage,07-31-2481 23:59:00,141719,2481,July
1,0,RES8 Willard Bay.Storage,08-31-2481 23:59:00,125687,2481,August
1,0,RES8 Willard Bay.Storage,09-30-2481 23:59:00,102245,2481,September
1,0,RES8 Willard Bay.Storage,10-31-2481 23:59:00,98529.7,2481,October
1,0,RES8 Willard Bay.Storage,11-30-2481 23:59:00,105907,2481,November
1,0,RES8 Willard Bay.Storage,12-31-2481 23:59:00,126102,2481,December
1,0,RES8 Willard Bay.Storage,01-31-2482 23:59:00,151999,2482,January
1,0,RES8 Willard Bay.Storage,02-28-2482 23:59:00,159111,2482,February
1,0,RES8 Willard Bay.Storage,03-31-2482 23:59:00,159112,2482,March
1,0,RES8 Willard Bay.Storage,04-30-2482 23:59:00,159118,2482,April
1,0,RES8 Willard Bay.Storage,05-31-2482 23:59:00,159125,2482,May
1,0,RES8 Willard Bay.Storage,06-30-2482 23:59:00,159133,2482,June
1,0,RES8 Willard Bay.Storage,07-31-2482 23:59:00,141719,2482,July
1,0,RES8 Willard Bay.Storage,08-31-2482 23:59:00,122696,2482,August
1,0,RES8 Willard Bay.Storage,09-30-2482 23:59:00,96389.2,2482,September
1,0,RES8 Willard Bay.Storage,10-31-2482 23:59:00,91121.5,2482,October
1,0,RES8 Willard Bay.Storage,11-30-2482 23:59:00,91009.6,2482,November
1,0,RES8 Willard Bay.Storage,12-31-2482 23:59:00,105766,2482,December
1,0,RES8 Willard Bay.Storage,01-31-2483 23:59:00,129545,2483,January
1,0,RES8 Willard Bay.Storage,02-28-2483 23:59:00,153168,2483,February
1,0,RES8 Willard Bay.Storage,03-31-2483 23:59:00,159112,2483,March
1,0,RES8 Willard Bay.Storage,04-30-2483 23:59:00,159118,2483,April
1,0,RES8 Willard Bay.Storage,05-31-2483 23:59:00,159121,2483,May
1,0,RES8 Willard Bay.Storage,06-30-2483 23:59:00,159120,2483,June
1,0,RES8 Willard Bay.Storage,07-31-2483 23:59:00,141706,2483,July
1,0,RES8 Willard Bay.Storage,08-31-2483 23:59:00,109191,2483,August
1,0,RES8 Willard Bay.Storage,09-30-2483 23:59:00,78815.2,2483,September
1,0,RES8 Willard Bay.Storage,10-31-2483 23:59:00,64890.8,2483,October
1,0,RES8 Willard Bay.Storage,11-30-2483 23:59:00,62888.5,2483,November
1,0,RES8 Willard Bay.Storage,12-31-2483 23:59:00,68387,2483,December
1,0,RES8 Willard Bay.Storage,01-31-2484 23:59:00,76911.1,2484,January
1,0,RES8 Willard Bay.Storage,02-29-2484 23:59:00,84650.1,2484,February
1,0,RES8 Willard Bay.Storage,03-31-2484 23:59:00,109906,2484,March
1,0,RES8 Willard Bay.Storage,04-30-2484 23:59:00,159113,2484,April
1,0,RES8 Willard Bay.Storage,05-31-2484 23:59:00,159119,2484,May
1,0,RES8 Willard Bay.Storage,06-30-2484 23:59:00,142358,2484,June
1,0,RES8 Willard Bay.Storage,07-31-2484 23:59:00,124975,2484,July
1,0,RES8 Willard Bay.Storage,08-31-2484 23:59:00,93038.3,2484,August
1,0,RES8 Willard Bay.Storage,09-30-2484 23:59:00,53612.8,2484,September
1,0,RES8 Willard Bay.Storage,10-31-2484 23:59:00,39344.6,2484,October
1,0,RES8 Willard Bay.Storage,11-30-2484 23:59:00,37416.4,2484,November
1,0,RES8 Willard Bay.Storage,12-31-2484 23:59:00,42884.4,2484,December
1,0,RES8 Willard Bay.Storage,01-31-2485 23:59:00,53058.4,2485,January
1,0,RES8 Willard Bay.Storage,02-28-2485 23:59:00,61704.3,2485,February
1,0,RES8 Willard Bay.Storage,03-31-2485 23:59:00,78525.9,2485,March
1,0,RES8 Willard Bay.Storage,04-30-2485 23:59:00,120080,2485,April
1,0,RES8 Willard Bay.Storage,05-31-2485 23:59:00,134626,2485,May
1,0,RES8 Willard Bay.Storage,06-30-2485 23:59:00,120788,2485,June
1,0,RES8 Willard Bay.Storage,07-31-2485 23:59:00,103463,2485,July
1,0,RES8 Willard Bay.Storage,08-31-2485 23:59:00,71039.3,2485,August
1,0,RES8 Willard Bay.Storage,09-30-2485 23:59:00,32090.2,2485,September
1,0,RES8 Willard Bay.Storage,10-31-2485 23:59:00,25029,2485,October
1,0,RES8 Willard Bay.Storage,11-30-2485 23:59:00,25846.5,2485,November
1,0,RES8 Willard Bay.Storage,12-31-2485 23:59:00,31309.3,2485,December
1,0,RES8 Willard Bay.Storage,01-31-2486 23:59:00,42516.6,2486,January
1,0,RES8 Willard Bay.Storage,02-28-2486 23:59:00,51764,2486,February
1,0,RES8 Willard Bay.Storage,03-31-2486 23:59:00,70663.5,2486,March
1,0,RES8 Willard Bay.Storage,04-30-2486 23:59:00,128182,2486,April
1,0,RES8 Willard Bay.Storage,05-31-2486 23:59:00,145408,2486,May
1,0,RES8 Willard Bay.Storage,06-30-2486 23:59:00,159112,2486,June
1,0,RES8 Willard Bay.Storage,07-31-2486 23:59:00,140999,2486,July
1,0,RES8 Willard Bay.Storage,08-31-2486 23:59:00,107764,2486,August
1,0,RES8 Willard Bay.Storage,09-30-2486 23:59:00,77399.6,2486,September
1,0,RES8 Willard Bay.Storage,10-31-2486 23:59:00,63387,2486,October
1,0,RES8 Willard Bay.Storage,11-30-2486 23:59:00,61505.6,2486,November
1,0,RES8 Willard Bay.Storage,12-31-2486 23:59:00,66965.3,2486,December
1,0,RES8 Willard Bay.Storage,01-31-2487 23:59:00,77227.9,2487,January
1,0,RES8 Willard Bay.Storage,02-28-2487 23:59:00,87231.6,2487,February
1,0,RES8 Willard Bay.Storage,03-31-2487 23:59:00,119919,2487,March
1,0,RES8 Willard Bay.Storage,04-30-2487 23:59:00,159114,2487,April
1,0,RES8 Willard Bay.Storage,05-31-2487 23:59:00,159125,2487,May
1,0,RES8 Willard Bay.Storage,06-30-2487 23:59:00,159133,2487,June
1,0,RES8 Willard Bay.Storage,07-31-2487 23:59:00,145689,2487,July
1,0,RES8 Willard Bay.Storage,08-31-2487 23:59:00,128694,2487,August
1,0,RES8 Willard Bay.Storage,09-30-2487 23:59:00,101784,2487,September
1,0,RES8 Willard Bay.Storage,10-31-2487 23:59:00,93434.8,2487,October
1,0,RES8 Willard Bay.Storage,11-30-2487 23:59:00,100255,2487,November
1,0,RES8 Willard Bay.Storage,12-31-2487 23:59:00,117718,2487,December
1,0,RES8 Willard Bay.Storage,01-31-2488 23:59:00,140763,2488,January
1,0,RES8 Willard Bay.Storage,02-29-2488 23:59:00,159111,2488,February
1,0,RES8 Willard Bay.Storage,03-31-2488 23:59:00,159112,2488,March
1,0,RES8 Willard Bay.Storage,04-30-2488 23:59:00,159118,2488,April
1,0,RES8 Willard Bay.Storage,05-31-2488 23:59:00,159120,2488,May
1,0,RES8 Willard Bay.Storage,06-30-2488 23:59:00,155189,2488,June
1,0,RES8 Willard Bay.Storage,07-31-2488 23:59:00,137783,2488,July
1,0,RES8 Willard Bay.Storage,08-31-2488 23:59:00,105406,2488,August
1,0,RES8 Willard Bay.Storage,09-30-2488 23:59:00,65922.2,2488,September
1,0,RES8 Willard Bay.Storage,10-31-2488 23:59:00,53083,2488,October
1,0,RES8 Willard Bay.Storage,11-30-2488 23:59:00,51333.7,2488,November
1,0,RES8 Willard Bay.Storage,12-31-2488 23:59:00,56807.2,2488,December
1,0,RES8 Willard Bay.Storage,01-31-2489 23:59:00,66821.8,2489,January
1,0,RES8 Willard Bay.Storage,02-28-2489 23:59:00,74743.3,2489,February
1,0,RES8 Willard Bay.Storage,03-31-2489 23:59:00,91370.3,2489,March
1,0,RES8 Willard Bay.Storage,04-30-2489 23:59:00,148870,2489,April
1,0,RES8 Willard Bay.Storage,05-31-2489 23:59:00,141070,2489,May
1,0,RES8 Willard Bay.Storage,06-30-2489 23:59:00,111642,2489,June
1,0,RES8 Willard Bay.Storage,07-31-2489 23:59:00,79697.4,2489,July
1,0,RES8 Willard Bay.Storage,08-31-2489 23:59:00,25029,2489,August
1,0,RES8 Willard Bay.Storage,09-30-2489 23:59:00,21827,2489,September
